Sequential;0;0; 0.008246; 0.000686; 0.0; 0.007560;
MPIOnly;0;1; 0.019687; 0.009732; 0.009033; 0.009955;
MPI+OpenMP;1;1; 0.020833; 0.010075; 0.009154; 0.010758;
MPI+OpenMP;2;1; 0.021564; 0.009837; 0.008892; 0.011727;
MPI+OpenMP;3;1; 0.022544; 0.009864; 0.009013; 0.012680;
MPI+OpenMP;4;1; 0.024174; 0.010503; 0.009409; 0.013671;
MPIOnly;0;3; 0.039408; 0.000684; 0.027507; 0.011215;
MPI+OpenMP;1;3; 0.036410; 0.000396; 0.024271; 0.011742;
MPI+OpenMP;2;3; 0.040500; 0.000813; 0.025667; 0.014020;
MPI+OpenMP;3;3; 0.042180; 0.000835; 0.025754; 0.015591;
MPI+OpenMP;4;3; 0.042477; 0.000486; 0.026153; 0.015838;
MPIOnly;0;5; 0.047157; 0.000422; 0.037199; 0.009536;
MPI+OpenMP;1;5; 0.052353; 0.001021; 0.038272; 0.013060;
MPI+OpenMP;2;5; 0.051067; 0.000946; 0.037372; 0.012748;
MPI+OpenMP;3;5; 0.053875; 0.000505; 0.037627; 0.015743;
MPI+OpenMP;4;5; 0.063516; 0.000732; 0.038612; 0.024171;
MPIOnly;0;9; 0.081843; 0.000071; 0.064035; 0.017737;
MPI+OpenMP;1;9; 0.089988; 0.001777; 0.069868; 0.018340;
MPI+OpenMP;2;9; 0.095853; 0.002633; 0.074637; 0.018582;
MPI+OpenMP;3;9; 0.106737; 0.000158; 0.067275; 0.039303;
MPI+OpenMP;4;9; 0.162866; 0.000920; 0.095899; 0.066047;
Sequential;0;0; 0.009056; 0.000777; 0.0; 0.008279;
MPIOnly;0;1; 0.019919; 0.010536; 0.009699; 0.009383;
MPI+OpenMP;1;1; 0.019917; 0.010033; 0.009090; 0.009884;
MPI+OpenMP;2;1; 0.020815; 0.009696; 0.008850; 0.011119;
MPI+OpenMP;3;1; 0.020817; 0.009444; 0.008589; 0.011373;
MPI+OpenMP;4;1; 0.021380; 0.009976; 0.009113; 0.011404;
MPIOnly;0;3; 0.033927; 0.000374; 0.023843; 0.009710;
MPI+OpenMP;1;3; 0.035829; 0.000562; 0.024035; 0.011232;
MPI+OpenMP;2;3; 0.038795; 0.000719; 0.024996; 0.013078;
MPI+OpenMP;3;3; 0.038434; 0.000333; 0.023978; 0.014123;
MPI+OpenMP;4;3; 0.042926; 0.000933; 0.025985; 0.016007;
MPIOnly;0;5; 0.047805; 0.000754; 0.035575; 0.011475;
MPI+OpenMP;1;5; 0.048869; 0.000599; 0.035071; 0.013198;
MPI+OpenMP;2;5; 0.051303; 0.000668; 0.035596; 0.015038;
MPI+OpenMP;3;5; 0.057019; 0.000742; 0.040701; 0.015575;
MPI+OpenMP;4;5; 0.073051; 0.001143; 0.050566; 0.021341;
MPIOnly;0;9; 0.098053; 0.000054; 0.081896; 0.016102;
MPI+OpenMP;1;9; 0.095057; 0.000455; 0.074916; 0.019684;
MPI+OpenMP;2;9; 0.108410; 0.002828; 0.085449; 0.020131;
MPI+OpenMP;3;9; 0.143841; 0.001323; 0.087439; 0.055077;
MPI+OpenMP;4;9; 0.179082; 0.000657; 0.072496; 0.105927;
Sequential;0;0; 0.009878; 0.000769; 0.0; 0.009109;
MPIOnly;0;1; 0.020885; 0.009919; 0.009079; 0.010966;
MPI+OpenMP;1;1; 0.021762; 0.010254; 0.009155; 0.011508;
MPI+OpenMP;2;1; 0.022848; 0.010161; 0.009208; 0.012687;
MPI+OpenMP;3;1; 0.025487; 0.012260; 0.011338; 0.013227;
MPI+OpenMP;4;1; 0.022922; 0.009766; 0.008848; 0.013156;
MPIOnly;0;3; 0.035492; 0.000717; 0.024271; 0.010504;
MPI+OpenMP;1;3; 0.036990; 0.000721; 0.024371; 0.011898;
MPI+OpenMP;2;3; 0.043763; 0.000837; 0.028188; 0.014737;
MPI+OpenMP;3;3; 0.040131; 0.000847; 0.025107; 0.014176;
MPI+OpenMP;4;3; 0.046147; 0.000736; 0.027869; 0.017541;
MPIOnly;0;5; 0.051248; 0.001184; 0.039405; 0.010659;
MPI+OpenMP;1;5; 0.054805; 0.000710; 0.041389; 0.012706;
MPI+OpenMP;2;5; 0.052787; 0.000726; 0.037608; 0.014452;
MPI+OpenMP;3;5; 0.053902; 0.000754; 0.036796; 0.016351;
MPI+OpenMP;4;5; 0.058950; 0.001152; 0.036506; 0.021291;
MPIOnly;0;9; 0.081425; 0.002231; 0.064177; 0.015016;
MPI+OpenMP;1;9; 0.082170; 0.001019; 0.066549; 0.014600;
MPI+OpenMP;2;9; 0.084274; 0.001554; 0.067319; 0.015398;
MPI+OpenMP;3;9; 0.108848; 0.001934; 0.079577; 0.027336;
MPI+OpenMP;4;9; 0.154380; 0.002290; 0.095193; 0.056895;
Sequential;0;0; 0.008289; 0.000690; 0.0; 0.007599;
MPIOnly;0;1; 0.018637; 0.009272; 0.008586; 0.009365;
MPI+OpenMP;1;1; 0.019839; 0.009501; 0.008651; 0.010337;
MPI+OpenMP;2;1; 0.021111; 0.009684; 0.008825; 0.011427;
MPI+OpenMP;3;1; 0.022649; 0.009631; 0.008798; 0.013018;
MPI+OpenMP;4;1; 0.021079; 0.009223; 0.008368; 0.011856;
MPIOnly;0;3; 0.034080; 0.000624; 0.022796; 0.010660;
MPI+OpenMP;1;3; 0.037392; 0.000468; 0.024817; 0.012106;
MPI+OpenMP;2;3; 0.039073; 0.001002; 0.024352; 0.013717;
MPI+OpenMP;3;3; 0.039084; 0.000506; 0.024430; 0.014146;
MPI+OpenMP;4;3; 0.042149; 0.000710; 0.025711; 0.015727;
MPIOnly;0;5; 0.050373; 0.000901; 0.037329; 0.012143;
MPI+OpenMP;1;5; 0.055670; 0.000886; 0.041625; 0.013157;
MPI+OpenMP;2;5; 0.052810; 0.000573; 0.037973; 0.014264;
MPI+OpenMP;3;5; 0.058137; 0.000627; 0.040945; 0.016564;
MPI+OpenMP;4;5; 0.065914; 0.000628; 0.038349; 0.026934;
MPIOnly;0;9; 0.085679; 0.002341; 0.065312; 0.018024;
MPI+OpenMP;1;9; 0.086054; 0.001110; 0.068270; 0.016674;
MPI+OpenMP;2;9; 0.095624; 0.001819; 0.073591; 0.020210;
MPI+OpenMP;3;9; 0.108118; 0.001064; 0.065840; 0.041180;
MPI+OpenMP;4;9; 0.142019; 0.002708; 0.121120; 0.018189;
Sequential;0;0; 0.008655; 0.000707; 0.0; 0.007947;
MPIOnly;0;1; 0.019618; 0.010196; 0.009448; 0.009421;
MPI+OpenMP;1;1; 0.019543; 0.009310; 0.008463; 0.010233;
MPI+OpenMP;2;1; 0.020887; 0.009465; 0.008607; 0.011422;
MPI+OpenMP;3;1; 0.021552; 0.009445; 0.008610; 0.012107;
MPI+OpenMP;4;1; 0.023236; 0.010049; 0.009230; 0.013187;
MPIOnly;0;3; 0.034483; 0.000858; 0.023563; 0.010062;
MPI+OpenMP;1;3; 0.036384; 0.000885; 0.023372; 0.012127;
MPI+OpenMP;2;3; 0.039984; 0.001030; 0.025147; 0.013807;
MPI+OpenMP;3;3; 0.039520; 0.000319; 0.025289; 0.013912;
MPI+OpenMP;4;3; 0.039797; 0.000661; 0.024790; 0.014345;
MPIOnly;0;5; 0.049352; 0.001038; 0.035428; 0.012885;
MPI+OpenMP;1;5; 0.048896; 0.000674; 0.035417; 0.012804;
MPI+OpenMP;2;5; 0.049246; 0.000624; 0.034697; 0.013924;
MPI+OpenMP;3;5; 0.054014; 0.000995; 0.037287; 0.015731;
MPI+OpenMP;4;5; 0.064795; 0.000768; 0.038360; 0.025667;
MPIOnly;0;9; 0.082067; 0.002751; 0.063164; 0.016151;
MPI+OpenMP;1;9; 0.079701; 0.000793; 0.064893; 0.014015;
MPI+OpenMP;2;9; 0.095459; 0.002782; 0.074489; 0.018186;
MPI+OpenMP;3;9; 0.124537; 0.002146; 0.092249; 0.030142;
MPI+OpenMP;4;9; 0.155661; 0.001735; 0.070435; 0.083491;
Sequential;0;0; 0.010416; 0.000737; 0.0; 0.009679;
MPIOnly;0;1; 0.019905; 0.010083; 0.009412; 0.009822;
MPI+OpenMP;1;1; 0.019808; 0.009682; 0.008726; 0.010124;
MPI+OpenMP;2;1; 0.022940; 0.010123; 0.009191; 0.012817;
MPI+OpenMP;3;1; 0.021381; 0.009560; 0.008760; 0.011821;
MPI+OpenMP;4;1; 0.020867; 0.009687; 0.008875; 0.011180;
MPIOnly;0;3; 0.033743; 0.000835; 0.023463; 0.009444;
MPI+OpenMP;1;3; 0.035962; 0.000823; 0.023976; 0.011162;
MPI+OpenMP;2;3; 0.039299; 0.000649; 0.025462; 0.013187;
MPI+OpenMP;3;3; 0.037329; 0.000764; 0.023435; 0.013130;
MPI+OpenMP;4;3; 0.036793; 0.000564; 0.023601; 0.012628;
MPIOnly;0;5; 0.045397; 0.000594; 0.034681; 0.010121;
MPI+OpenMP;1;5; 0.048444; 0.000660; 0.035108; 0.012676;
MPI+OpenMP;2;5; 0.048538; 0.000621; 0.035682; 0.012235;
MPI+OpenMP;3;5; 0.058335; 0.000712; 0.042382; 0.015241;
MPI+OpenMP;4;5; 0.063646; 0.000701; 0.038675; 0.024269;
MPIOnly;0;9; 0.080712; 0.000306; 0.067970; 0.012435;
MPI+OpenMP;1;9; 0.088620; 0.001986; 0.067549; 0.019084;
MPI+OpenMP;2;9; 0.095854; 0.001119; 0.071342; 0.023391;
MPI+OpenMP;3;9; 0.128653; 0.002249; 0.077185; 0.049217;
MPI+OpenMP;4;9; 0.171982; 0.001121; 0.101108; 0.069751;
Sequential;0;0; 0.009355; 0.000702; 0.0; 0.008653;
MPIOnly;0;1; 0.018033; 0.009215; 0.008517; 0.008818;
MPI+OpenMP;1;1; 0.019314; 0.009335; 0.008468; 0.009978;
MPI+OpenMP;2;1; 0.020780; 0.009111; 0.008289; 0.011669;
MPI+OpenMP;3;1; 0.021676; 0.009380; 0.008470; 0.012296;
MPI+OpenMP;4;1; 0.022039; 0.009410; 0.008490; 0.012629;
MPIOnly;0;3; 0.033919; 0.000705; 0.023378; 0.009836;
MPI+OpenMP;1;3; 0.036605; 0.000808; 0.023667; 0.012129;
MPI+OpenMP;2;3; 0.036354; 0.000644; 0.023511; 0.012199;
MPI+OpenMP;3;3; 0.038637; 0.000556; 0.024074; 0.014007;
MPI+OpenMP;4;3; 0.039776; 0.000661; 0.025264; 0.013851;
MPIOnly;0;5; 0.049342; 0.000759; 0.038287; 0.010295;
MPI+OpenMP;1;5; 0.050407; 0.000707; 0.038196; 0.011504;
MPI+OpenMP;2;5; 0.054318; 0.000778; 0.039676; 0.013863;
MPI+OpenMP;3;5; 0.057862; 0.000620; 0.041968; 0.015274;
MPI+OpenMP;4;5; 0.063561; 0.000837; 0.038358; 0.024366;
MPIOnly;0;9; 0.084272; 0.002781; 0.067562; 0.013928;
MPI+OpenMP;1;9; 0.084821; 0.001590; 0.066318; 0.016910;
MPI+OpenMP;2;9; 0.106875; 0.002514; 0.080561; 0.023797;
MPI+OpenMP;3;9; 0.111797; 0.002291; 0.085146; 0.024360;
MPI+OpenMP;4;9; 0.148399; 0.001277; 0.070640; 0.076481;
Sequential;0;0; 0.008028; 0.000685; 0.0; 0.007343;
MPIOnly;0;1; 0.016825; 0.009300; 0.008654; 0.007524;
MPI+OpenMP;1;1; 0.019752; 0.009413; 0.008526; 0.010339;
MPI+OpenMP;2;1; 0.021598; 0.009465; 0.008591; 0.012133;
MPI+OpenMP;3;1; 0.021622; 0.009400; 0.008539; 0.012222;
MPI+OpenMP;4;1; 0.021364; 0.009491; 0.008640; 0.011873;
MPIOnly;0;3; 0.032231; 0.000316; 0.023443; 0.008472;
MPI+OpenMP;1;3; 0.036003; 0.000675; 0.024589; 0.010739;
MPI+OpenMP;2;3; 0.035878; 0.000681; 0.023438; 0.011759;
MPI+OpenMP;3;3; 0.039546; 0.000698; 0.025060; 0.013788;
MPI+OpenMP;4;3; 0.041696; 0.000837; 0.025916; 0.014940;
MPIOnly;0;5; 0.048113; 0.000852; 0.036720; 0.010539;
MPI+OpenMP;1;5; 0.053983; 0.000658; 0.039148; 0.014175;
MPI+OpenMP;2;5; 0.055246; 0.000820; 0.039314; 0.015112;
MPI+OpenMP;3;5; 0.053415; 0.001060; 0.036829; 0.015525;
MPI+OpenMP;4;5; 0.061879; 0.001008; 0.036685; 0.024186;
MPIOnly;0;9; 0.089493; 0.002945; 0.069398; 0.017150;
MPI+OpenMP;1;9; 0.083086; 0.001059; 0.064307; 0.017720;
MPI+OpenMP;2;9; 0.090198; 0.002469; 0.070454; 0.017272;
MPI+OpenMP;3;9; 0.099821; 0.000077; 0.064923; 0.034819;
MPI+OpenMP;4;9; 0.143164; 0.001919; 0.067293; 0.073951;
Sequential;0;0; 0.008624; 0.000809; 0.0; 0.007815;
MPIOnly;0;1; 0.018581; 0.009377; 0.008698; 0.009204;
MPI+OpenMP;1;1; 0.019203; 0.009274; 0.008328; 0.009929;
MPI+OpenMP;2;1; 0.022555; 0.010349; 0.009400; 0.012206;
MPI+OpenMP;3;1; 0.020761; 0.009308; 0.008526; 0.011453;
MPI+OpenMP;4;1; 0.022282; 0.009945; 0.009085; 0.012337;
MPIOnly;0;3; 0.035363; 0.000713; 0.024047; 0.010603;
MPI+OpenMP;1;3; 0.035102; 0.000421; 0.023242; 0.011439;
MPI+OpenMP;2;3; 0.038860; 0.000793; 0.024951; 0.013116;
MPI+OpenMP;3;3; 0.040757; 0.000697; 0.024893; 0.015167;
MPI+OpenMP;4;3; 0.041652; 0.000397; 0.026171; 0.015084;
MPIOnly;0;5; 0.049025; 0.000854; 0.037815; 0.010355;
MPI+OpenMP;1;5; 0.050336; 0.001397; 0.035585; 0.013353;
MPI+OpenMP;2;5; 0.053997; 0.000711; 0.036198; 0.017087;
MPI+OpenMP;3;5; 0.061745; 0.000809; 0.036931; 0.024003;
MPI+OpenMP;4;5; 0.059143; 0.000793; 0.043917; 0.014433;
MPIOnly;0;9; 0.078048; 0.001806; 0.063216; 0.013026;
MPI+OpenMP;1;9; 0.083607; 0.001358; 0.065359; 0.016889;
MPI+OpenMP;2;9; 0.088504; 0.001920; 0.066368; 0.020213;
MPI+OpenMP;3;9; 0.120659; 0.001056; 0.066970; 0.052631;
MPI+OpenMP;4;9; 0.165157; 0.001548; 0.085149; 0.078460;
Sequential;0;0; 0.007789; 0.000718; 0.0; 0.007071;
MPIOnly;0;1; 0.019401; 0.009792; 0.009121; 0.009609;
MPI+OpenMP;1;1; 0.021327; 0.010220; 0.009234; 0.011107;
MPI+OpenMP;2;1; 0.021950; 0.010037; 0.009180; 0.011913;
MPI+OpenMP;3;1; 0.021984; 0.009449; 0.008651; 0.012535;
MPI+OpenMP;4;1; 0.022838; 0.009653; 0.008793; 0.013185;
MPIOnly;0;3; 0.032885; 0.000936; 0.023072; 0.008876;
MPI+OpenMP;1;3; 0.035971; 0.000398; 0.023901; 0.011671;
MPI+OpenMP;2;3; 0.037790; 0.000723; 0.024544; 0.012523;
MPI+OpenMP;3;3; 0.038576; 0.000960; 0.023201; 0.014415;
MPI+OpenMP;4;3; 0.041361; 0.000440; 0.026003; 0.014918;
MPIOnly;0;5; 0.048110; 0.000528; 0.036377; 0.011203;
MPI+OpenMP;1;5; 0.045582; 0.000969; 0.033865; 0.010748;
MPI+OpenMP;2;5; 0.048741; 0.000710; 0.035405; 0.012626;
MPI+OpenMP;3;5; 0.051993; 0.001008; 0.036857; 0.014127;
MPI+OpenMP;4;5; 0.064833; 0.001045; 0.048420; 0.015368;
MPIOnly;0;9; 0.077496; 0.002650; 0.061336; 0.013509;
MPI+OpenMP;1;9; 0.090480; 0.001192; 0.072605; 0.016679;
MPI+OpenMP;2;9; 0.099854; 0.000171; 0.073064; 0.026617;
MPI+OpenMP;3;9; 0.128223; 0.002418; 0.089817; 0.035985;
MPI+OpenMP;4;9; 0.158227; 0.000876; 0.083744; 0.073606;
Sequential;0;0; 0.008890; 0.000714; 0.0; 0.008176;
MPIOnly;0;1; 0.017255; 0.009173; 0.008513; 0.008082;
MPI+OpenMP;1;1; 0.018930; 0.009255; 0.008418; 0.009675;
MPI+OpenMP;2;1; 0.020643; 0.009331; 0.008507; 0.011312;
MPI+OpenMP;3;1; 0.021738; 0.009139; 0.008324; 0.012599;
MPI+OpenMP;4;1; 0.021853; 0.009237; 0.008398; 0.012616;
MPIOnly;0;3; 0.035601; 0.000494; 0.024947; 0.010160;
MPI+OpenMP;1;3; 0.037624; 0.000771; 0.024357; 0.012495;
MPI+OpenMP;2;3; 0.036901; 0.000279; 0.023493; 0.013129;
MPI+OpenMP;3;3; 0.036366; 0.000542; 0.023446; 0.012377;
MPI+OpenMP;4;3; 0.039099; 0.000619; 0.024312; 0.014166;
MPIOnly;0;5; 0.046807; 0.000763; 0.034931; 0.011113;
MPI+OpenMP;1;5; 0.050561; 0.000985; 0.037014; 0.012561;
MPI+OpenMP;2;5; 0.051660; 0.000505; 0.036362; 0.014792;
MPI+OpenMP;3;5; 0.055686; 0.000770; 0.039186; 0.015729;
MPI+OpenMP;4;5; 0.065765; 0.000689; 0.039955; 0.025121;
MPIOnly;0;9; 0.087745; 0.002602; 0.068164; 0.016978;
MPI+OpenMP;1;9; 0.089314; 0.002469; 0.068041; 0.018804;
MPI+OpenMP;2;9; 0.094914; 0.002761; 0.073627; 0.018523;
MPI+OpenMP;3;9; 0.118768; 0.000169; 0.093539; 0.025059;
MPI+OpenMP;4;9; 0.155355; 0.000113; 0.077922; 0.077317;
Sequential;0;0; 0.007633; 0.000727; 0.0; 0.006905;
MPIOnly;0;1; 0.018474; 0.009401; 0.008750; 0.009073;
MPI+OpenMP;1;1; 0.019344; 0.009317; 0.008428; 0.010027;
MPI+OpenMP;2;1; 0.019972; 0.009305; 0.008447; 0.010667;
MPI+OpenMP;3;1; 0.021864; 0.009634; 0.008806; 0.012230;
MPI+OpenMP;4;1; 0.020580; 0.009001; 0.008163; 0.011579;
MPIOnly;0;3; 0.033026; 0.000671; 0.023483; 0.008872;
MPI+OpenMP;1;3; 0.036012; 0.000955; 0.024232; 0.010824;
MPI+OpenMP;2;3; 0.038355; 0.000637; 0.024076; 0.013641;
MPI+OpenMP;3;3; 0.039809; 0.000712; 0.024298; 0.014798;
MPI+OpenMP;4;3; 0.040441; 0.000556; 0.025245; 0.014639;
MPIOnly;0;5; 0.049745; 0.000700; 0.037382; 0.011663;
MPI+OpenMP;1;5; 0.051308; 0.000593; 0.035725; 0.014990;
MPI+OpenMP;2;5; 0.051610; 0.000654; 0.037851; 0.013104;
MPI+OpenMP;3;5; 0.059834; 0.001519; 0.041421; 0.016894;
MPI+OpenMP;4;5; 0.063320; 0.000762; 0.036741; 0.025816;
MPIOnly;0;9; 0.081267; 0.002375; 0.066018; 0.012872;
MPI+OpenMP;1;9; 0.078469; 0.002169; 0.061977; 0.014320;
MPI+OpenMP;2;9; 0.094881; 0.001048; 0.069606; 0.024227;
MPI+OpenMP;3;9; 0.112927; 0.000967; 0.086275; 0.025685;
MPI+OpenMP;4;9; 0.164707; 0.000187; 0.083526; 0.080992;
Sequential;0;0; 0.008465; 0.000687; 0.0; 0.007777;
MPIOnly;0;1; 0.018900; 0.009064; 0.008419; 0.009835;
MPI+OpenMP;1;1; 0.020271; 0.009733; 0.008782; 0.010538;
MPI+OpenMP;2;1; 0.021852; 0.009913; 0.009047; 0.011939;
MPI+OpenMP;3;1; 0.022057; 0.009969; 0.009086; 0.012088;
MPI+OpenMP;4;1; 0.023070; 0.009542; 0.008714; 0.013528;
MPIOnly;0;3; 0.034032; 0.000714; 0.024203; 0.009115;
MPI+OpenMP;1;3; 0.036119; 0.000639; 0.024067; 0.011412;
MPI+OpenMP;2;3; 0.040630; 0.000727; 0.026336; 0.013566;
MPI+OpenMP;3;3; 0.040157; 0.000835; 0.025420; 0.013900;
MPI+OpenMP;4;3; 0.040986; 0.000979; 0.025513; 0.014494;
MPIOnly;0;5; 0.050537; 0.000603; 0.038263; 0.011670;
MPI+OpenMP;1;5; 0.049370; 0.000725; 0.035656; 0.012989;
MPI+OpenMP;2;5; 0.050770; 0.000555; 0.037468; 0.012746;
MPI+OpenMP;3;5; 0.049896; 0.000863; 0.035012; 0.014019;
MPI+OpenMP;4;5; 0.060518; 0.001082; 0.043334; 0.016102;
MPIOnly;0;9; 0.078118; 0.000055; 0.064806; 0.013256;
MPI+OpenMP;1;9; 0.084414; 0.002568; 0.063454; 0.018391;
MPI+OpenMP;2;9; 0.098841; 0.003057; 0.075952; 0.019832;
MPI+OpenMP;3;9; 0.116308; 0.001085; 0.076826; 0.038397;
MPI+OpenMP;4;9; 0.171505; 0.002180; 0.086658; 0.082661;
Sequential;0;0; 0.008645; 0.000702; 0.0; 0.007943;
MPIOnly;0;1; 0.019284; 0.009714; 0.009052; 0.009570;
MPI+OpenMP;1;1; 0.021230; 0.010211; 0.009263; 0.011019;
MPI+OpenMP;2;1; 0.021630; 0.009773; 0.008906; 0.011857;
MPI+OpenMP;3;1; 0.022357; 0.009724; 0.008811; 0.012633;
MPI+OpenMP;4;1; 0.023567; 0.009746; 0.008833; 0.013821;
MPIOnly;0;3; 0.033523; 0.000605; 0.023385; 0.009532;
MPI+OpenMP;1;3; 0.036164; 0.000644; 0.024120; 0.011400;
MPI+OpenMP;2;3; 0.038596; 0.000661; 0.024528; 0.013405;
MPI+OpenMP;3;3; 0.037923; 0.000566; 0.023773; 0.013584;
MPI+OpenMP;4;3; 0.037297; 0.000581; 0.023752; 0.012963;
MPIOnly;0;5; 0.044595; 0.000788; 0.033988; 0.009818;
MPI+OpenMP;1;5; 0.046495; 0.000610; 0.035503; 0.010381;
MPI+OpenMP;2;5; 0.053110; 0.000657; 0.040588; 0.011863;
MPI+OpenMP;3;5; 0.051543; 0.000833; 0.036527; 0.014180;
MPI+OpenMP;4;5; 0.064196; 0.000558; 0.039396; 0.024240;
MPIOnly;0;9; 0.085262; 0.001720; 0.067261; 0.016279;
MPI+OpenMP;1;9; 0.085329; 0.002518; 0.065622; 0.017188;
MPI+OpenMP;2;9; 0.089039; 0.000361; 0.068913; 0.019763;
MPI+OpenMP;3;9; 0.114834; 0.002611; 0.074805; 0.037417;
MPI+OpenMP;4;9; 0.155891; 0.001091; 0.079631; 0.075168;
Sequential;0;0; 0.008213; 0.000680; 0.0; 0.007532;
MPIOnly;0;1; 0.018026; 0.009090; 0.008461; 0.008936;
MPI+OpenMP;1;1; 0.019173; 0.009277; 0.008452; 0.009896;
MPI+OpenMP;2;1; 0.020493; 0.009103; 0.008237; 0.011389;
MPI+OpenMP;3;1; 0.020603; 0.009535; 0.008675; 0.011068;
MPI+OpenMP;4;1; 0.020516; 0.009138; 0.008297; 0.011378;
MPIOnly;0;3; 0.032202; 0.000688; 0.023029; 0.008483;
MPI+OpenMP;1;3; 0.036572; 0.000414; 0.024064; 0.012094;
MPI+OpenMP;2;3; 0.036702; 0.000740; 0.023325; 0.012636;
MPI+OpenMP;3;3; 0.037021; 0.000608; 0.022944; 0.013469;
MPI+OpenMP;4;3; 0.045201; 0.000637; 0.031703; 0.012861;
MPIOnly;0;5; 0.050203; 0.000531; 0.038605; 0.011067;
MPI+OpenMP;1;5; 0.055265; 0.000466; 0.041171; 0.013628;
MPI+OpenMP;2;5; 0.055041; 0.000851; 0.039993; 0.014196;
MPI+OpenMP;3;5; 0.057296; 0.001855; 0.039317; 0.016123;
MPI+OpenMP;4;5; 0.063275; 0.000759; 0.044540; 0.017974;
MPIOnly;0;9; 0.085596; 0.001110; 0.068515; 0.015971;
MPI+OpenMP;1;9; 0.092001; 0.001009; 0.073005; 0.017986;
MPI+OpenMP;2;9; 0.097774; 0.001038; 0.079042; 0.017694;
MPI+OpenMP;3;9; 0.112283; 0.001170; 0.083512; 0.027601;
MPI+OpenMP;4;9; 0.149492; 0.001451; 0.080185; 0.067853;
Sequential;0;0; 0.008611; 0.000732; 0.0; 0.007879;
MPIOnly;0;1; 0.018169; 0.009368; 0.008715; 0.008801;
MPI+OpenMP;1;1; 0.018734; 0.009145; 0.008308; 0.009589;
MPI+OpenMP;2;1; 0.021209; 0.009484; 0.008649; 0.011724;
MPI+OpenMP;3;1; 0.021242; 0.009578; 0.008708; 0.011664;
MPI+OpenMP;4;1; 0.023431; 0.010179; 0.009319; 0.013251;
MPIOnly;0;3; 0.032588; 0.000546; 0.023523; 0.008519;
MPI+OpenMP;1;3; 0.035723; 0.000500; 0.024851; 0.010371;
MPI+OpenMP;2;3; 0.039945; 0.000676; 0.025231; 0.014037;
MPI+OpenMP;3;3; 0.042345; 0.000958; 0.025160; 0.016226;
MPI+OpenMP;4;3; 0.038650; 0.001038; 0.023602; 0.014009;
MPIOnly;0;5; 0.056127; 0.000994; 0.040845; 0.014288;
MPI+OpenMP;1;5; 0.053508; 0.001108; 0.040217; 0.012183;
MPI+OpenMP;2;5; 0.060867; 0.000385; 0.043018; 0.017464;
MPI+OpenMP;3;5; 0.055538; 0.000513; 0.039219; 0.015806;
MPI+OpenMP;4;5; 0.066219; 0.001785; 0.048595; 0.015838;
MPIOnly;0;9; 0.082144; 0.001681; 0.064867; 0.015595;
MPI+OpenMP;1;9; 0.080084; 0.002020; 0.062974; 0.015088;
MPI+OpenMP;2;9; 0.085534; 0.000032; 0.069879; 0.015622;
MPI+OpenMP;3;9; 0.112773; 0.000747; 0.079217; 0.032808;
MPI+OpenMP;4;9; 0.168878; 0.001666; 0.091582; 0.075630;
Sequential;0;0; 0.009745; 0.000728; 0.0; 0.009017;
MPIOnly;0;1; 0.018320; 0.009207; 0.008549; 0.009113;
MPI+OpenMP;1;1; 0.021110; 0.009690; 0.008775; 0.011420;
MPI+OpenMP;2;1; 0.022578; 0.009806; 0.008936; 0.012772;
MPI+OpenMP;3;1; 0.022278; 0.009858; 0.008827; 0.012420;
MPI+OpenMP;4;1; 0.022869; 0.009622; 0.008711; 0.013247;
MPIOnly;0;3; 0.034178; 0.000399; 0.024025; 0.009754;
MPI+OpenMP;1;3; 0.036107; 0.000699; 0.024740; 0.010667;
MPI+OpenMP;2;3; 0.038270; 0.000375; 0.024241; 0.013653;
MPI+OpenMP;3;3; 0.039421; 0.000824; 0.024489; 0.014107;
MPI+OpenMP;4;3; 0.040545; 0.000936; 0.024731; 0.014878;
MPIOnly;0;5; 0.046529; 0.000825; 0.036179; 0.009525;
MPI+OpenMP;1;5; 0.049381; 0.000685; 0.036019; 0.012634;
MPI+OpenMP;2;5; 0.050610; 0.000739; 0.036375; 0.013496;
MPI+OpenMP;3;5; 0.057589; 0.000664; 0.041142; 0.015781;
MPI+OpenMP;4;5; 0.057237; 0.000680; 0.035133; 0.021421;
MPIOnly;0;9; 0.075215; 0.002770; 0.059281; 0.013163;
MPI+OpenMP;1;9; 0.082668; 0.001321; 0.061893; 0.019453;
MPI+OpenMP;2;9; 0.095205; 0.001138; 0.066531; 0.027536;
MPI+OpenMP;3;9; 0.110980; 0.001421; 0.076782; 0.032775;
MPI+OpenMP;4;9; 0.195736; 0.000870; 0.088624; 0.106240;
Sequential;0;0; 0.010028; 0.000694; 0.0; 0.009334;
MPIOnly;0;1; 0.019129; 0.009604; 0.008923; 0.009524;
MPI+OpenMP;1;1; 0.020465; 0.009700; 0.008789; 0.010765;
MPI+OpenMP;2;1; 0.021996; 0.009983; 0.009026; 0.012013;
MPI+OpenMP;3;1; 0.021652; 0.009635; 0.008578; 0.012017;
MPI+OpenMP;4;1; 0.021434; 0.009429; 0.008592; 0.012005;
MPIOnly;0;3; 0.034090; 0.000339; 0.023432; 0.010318;
MPI+OpenMP;1;3; 0.033723; 0.000368; 0.023622; 0.009733;
MPI+OpenMP;2;3; 0.037095; 0.000609; 0.023540; 0.012945;
MPI+OpenMP;3;3; 0.036822; 0.000643; 0.023222; 0.012956;
MPI+OpenMP;4;3; 0.038900; 0.000672; 0.024466; 0.013761;
MPIOnly;0;5; 0.044605; 0.000648; 0.034972; 0.008984;
MPI+OpenMP;1;5; 0.047525; 0.000787; 0.035703; 0.011035;
MPI+OpenMP;2;5; 0.051941; 0.000548; 0.039007; 0.012383;
MPI+OpenMP;3;5; 0.052957; 0.000601; 0.037488; 0.014866;
MPI+OpenMP;4;5; 0.064194; 0.000903; 0.047523; 0.015768;
MPIOnly;0;9; 0.077150; 0.001152; 0.061335; 0.014662;
MPI+OpenMP;1;9; 0.084707; 0.001995; 0.065501; 0.017211;
MPI+OpenMP;2;9; 0.106770; 0.000056; 0.082066; 0.024647;
MPI+OpenMP;3;9; 0.118648; 0.001481; 0.088857; 0.028309;
MPI+OpenMP;4;9; 0.155455; 0.001169; 0.088693; 0.065591;
Sequential;0;0; 0.009412; 0.000810; 0.0; 0.008602;
MPIOnly;0;1; 0.017087; 0.008925; 0.008263; 0.008162;
MPI+OpenMP;1;1; 0.019146; 0.009415; 0.008561; 0.009731;
MPI+OpenMP;2;1; 0.021305; 0.009742; 0.008900; 0.011563;
MPI+OpenMP;3;1; 0.021481; 0.009153; 0.008346; 0.012328;
MPI+OpenMP;4;1; 0.021809; 0.009587; 0.008706; 0.012222;
MPIOnly;0;3; 0.033520; 0.000893; 0.022875; 0.009752;
MPI+OpenMP;1;3; 0.036263; 0.000662; 0.023509; 0.012092;
MPI+OpenMP;2;3; 0.039638; 0.000711; 0.024873; 0.014054;
MPI+OpenMP;3;3; 0.042616; 0.000729; 0.026815; 0.015071;
MPI+OpenMP;4;3; 0.038560; 0.000558; 0.024150; 0.013850;
MPIOnly;0;5; 0.047344; 0.001086; 0.035648; 0.010609;
MPI+OpenMP;1;5; 0.048736; 0.000450; 0.035772; 0.012513;
MPI+OpenMP;2;5; 0.054683; 0.000642; 0.038528; 0.015513;
MPI+OpenMP;3;5; 0.055632; 0.000804; 0.038892; 0.015934;
MPI+OpenMP;4;5; 0.065376; 0.000628; 0.038680; 0.026068;
MPIOnly;0;9; 0.090614; 0.001962; 0.069350; 0.019300;
MPI+OpenMP;1;9; 0.084891; 0.000887; 0.066467; 0.017536;
MPI+OpenMP;2;9; 0.088675; 0.001757; 0.068996; 0.017922;
MPI+OpenMP;3;9; 0.104755; 0.000127; 0.074580; 0.030047;
MPI+OpenMP;4;9; 0.139182; 0.000968; 0.069272; 0.068942;
Sequential;0;0; 0.010178; 0.000897; 0.0; 0.009280;
MPIOnly;0;1; 0.018665; 0.009937; 0.009255; 0.008728;
MPI+OpenMP;1;1; 0.019576; 0.009429; 0.008568; 0.010147;
MPI+OpenMP;2;1; 0.022099; 0.009665; 0.008795; 0.012434;
MPI+OpenMP;3;1; 0.021518; 0.009339; 0.008432; 0.012179;
MPI+OpenMP;4;1; 0.022873; 0.009788; 0.008898; 0.013085;
MPIOnly;0;3; 0.035973; 0.001101; 0.025197; 0.009674;
MPI+OpenMP;1;3; 0.036991; 0.000666; 0.024823; 0.011502;
MPI+OpenMP;2;3; 0.036506; 0.000643; 0.024424; 0.011439;
MPI+OpenMP;3;3; 0.039122; 0.000723; 0.024248; 0.014150;
MPI+OpenMP;4;3; 0.041983; 0.000787; 0.024362; 0.016834;
MPIOnly;0;5; 0.046358; 0.000809; 0.035166; 0.010383;
MPI+OpenMP;1;5; 0.053628; 0.000950; 0.039640; 0.013036;
MPI+OpenMP;2;5; 0.052733; 0.000768; 0.038215; 0.013748;
MPI+OpenMP;3;5; 0.055242; 0.000725; 0.040563; 0.013953;
MPI+OpenMP;4;5; 0.059983; 0.000588; 0.035747; 0.023646;
MPIOnly;0;9; 0.075401; 0.001861; 0.061012; 0.012528;
MPI+OpenMP;1;9; 0.077697; 0.001473; 0.064052; 0.012170;
MPI+OpenMP;2;9; 0.092384; 0.002383; 0.072120; 0.017877;
MPI+OpenMP;3;9; 0.125694; 0.002768; 0.080227; 0.042698;
MPI+OpenMP;4;9; 0.152374; 0.002476; 0.120890; 0.029006;
Sequential;0;0; 0.009041; 0.000731; 0.0; 0.008309;
MPIOnly;0;1; 0.018004; 0.009417; 0.008748; 0.008587;
MPI+OpenMP;1;1; 0.021372; 0.010228; 0.009354; 0.011144;
MPI+OpenMP;2;1; 0.020509; 0.009300; 0.008420; 0.011209;
MPI+OpenMP;3;1; 0.022532; 0.009945; 0.009048; 0.012587;
MPI+OpenMP;4;1; 0.022138; 0.009451; 0.008636; 0.012687;
MPIOnly;0;3; 0.034532; 0.000919; 0.023780; 0.009832;
MPI+OpenMP;1;3; 0.036597; 0.000579; 0.024343; 0.011675;
MPI+OpenMP;2;3; 0.040728; 0.000940; 0.024853; 0.014934;
MPI+OpenMP;3;3; 0.039579; 0.000813; 0.024006; 0.014760;
MPI+OpenMP;4;3; 0.039591; 0.000552; 0.024367; 0.014672;
MPIOnly;0;5; 0.048980; 0.001362; 0.037216; 0.010402;
MPI+OpenMP;1;5; 0.048221; 0.000672; 0.035508; 0.012039;
MPI+OpenMP;2;5; 0.048048; 0.000696; 0.034723; 0.012628;
MPI+OpenMP;3;5; 0.056041; 0.000539; 0.039148; 0.016354;
MPI+OpenMP;4;5; 0.059691; 0.000479; 0.036127; 0.023084;
MPIOnly;0;9; 0.088613; 0.000464; 0.070616; 0.017533;
MPI+OpenMP;1;9; 0.085279; 0.001475; 0.064859; 0.018940;
MPI+OpenMP;2;9; 0.097765; 0.000043; 0.068617; 0.029103;
MPI+OpenMP;3;9; 0.112321; 0.001558; 0.065582; 0.045180;
MPI+OpenMP;4;9; 0.161351; 0.002158; 0.093168; 0.066023;
Sequential;0;0; 0.008354; 0.000673; 0.0; 0.007681;
MPIOnly;0;1; 0.018670; 0.009400; 0.008727; 0.009270;
MPI+OpenMP;1;1; 0.019469; 0.009329; 0.008417; 0.010140;
MPI+OpenMP;2;1; 0.020677; 0.009542; 0.008676; 0.011135;
MPI+OpenMP;3;1; 0.022020; 0.009563; 0.008727; 0.012457;
MPI+OpenMP;4;1; 0.022244; 0.009596; 0.008762; 0.012648;
MPIOnly;0;3; 0.034168; 0.000403; 0.024239; 0.009526;
MPI+OpenMP;1;3; 0.037406; 0.000939; 0.024675; 0.011791;
MPI+OpenMP;2;3; 0.038014; 0.000301; 0.024085; 0.013627;
MPI+OpenMP;3;3; 0.038576; 0.000995; 0.023538; 0.014043;
MPI+OpenMP;4;3; 0.044867; 0.000434; 0.024428; 0.020004;
MPIOnly;0;5; 0.045571; 0.000531; 0.035054; 0.009986;
MPI+OpenMP;1;5; 0.048821; 0.000994; 0.036540; 0.011286;
MPI+OpenMP;2;5; 0.056515; 0.000704; 0.040303; 0.015507;
MPI+OpenMP;3;5; 0.056146; 0.000654; 0.039425; 0.016065;
MPI+OpenMP;4;5; 0.065833; 0.000827; 0.039492; 0.025514;
MPIOnly;0;9; 0.082509; 0.000054; 0.066403; 0.016050;
MPI+OpenMP;1;9; 0.088856; 0.001228; 0.068996; 0.018632;
MPI+OpenMP;2;9; 0.096868; 0.000773; 0.078903; 0.017191;
MPI+OpenMP;3;9; 0.110451; 0.001909; 0.068745; 0.039795;
MPI+OpenMP;4;9; 0.138166; 0.000094; 0.095339; 0.042731;
Sequential;0;0; 0.007548; 0.000726; 0.0; 0.006822;
MPIOnly;0;1; 0.018818; 0.009357; 0.008700; 0.009461;
MPI+OpenMP;1;1; 0.019401; 0.009366; 0.008506; 0.010035;
MPI+OpenMP;2;1; 0.020741; 0.009319; 0.008356; 0.011422;
MPI+OpenMP;3;1; 0.021407; 0.009192; 0.008314; 0.012215;
MPI+OpenMP;4;1; 0.021456; 0.009453; 0.008645; 0.012003;
MPIOnly;0;3; 0.033912; 0.000604; 0.023108; 0.010199;
MPI+OpenMP;1;3; 0.037110; 0.000737; 0.024647; 0.011726;
MPI+OpenMP;2;3; 0.037331; 0.000617; 0.024004; 0.012708;
MPI+OpenMP;3;3; 0.042521; 0.000473; 0.026821; 0.015227;
MPI+OpenMP;4;3; 0.040943; 0.000649; 0.025198; 0.015095;
MPIOnly;0;5; 0.046850; 0.000810; 0.036538; 0.009499;
MPI+OpenMP;1;5; 0.051647; 0.000493; 0.038025; 0.013128;
MPI+OpenMP;2;5; 0.051764; 0.000666; 0.038305; 0.012793;
MPI+OpenMP;3;5; 0.058527; 0.000806; 0.040589; 0.017131;
MPI+OpenMP;4;5; 0.060685; 0.000505; 0.036821; 0.023358;
MPIOnly;0;9; 0.082093; 0.002309; 0.066472; 0.013308;
MPI+OpenMP;1;9; 0.082234; 0.001157; 0.063402; 0.017674;
MPI+OpenMP;2;9; 0.084968; 0.000136; 0.067678; 0.017152;
MPI+OpenMP;3;9; 0.105347; 0.001085; 0.063837; 0.040423;
MPI+OpenMP;4;9; 0.156063; 0.001262; 0.074808; 0.079990;
Sequential;0;0; 0.009618; 0.000710; 0.0; 0.008908;
MPIOnly;0;1; 0.017485; 0.009197; 0.008554; 0.008288;
MPI+OpenMP;1;1; 0.019211; 0.009539; 0.008688; 0.009672;
MPI+OpenMP;2;1; 0.022804; 0.010174; 0.009242; 0.012630;
MPI+OpenMP;3;1; 0.023850; 0.010285; 0.009384; 0.013564;
MPI+OpenMP;4;1; 0.023352; 0.010145; 0.009240; 0.013207;
MPIOnly;0;3; 0.040296; 0.000616; 0.024701; 0.014977;
MPI+OpenMP;1;3; 0.038244; 0.000728; 0.025749; 0.011767;
MPI+OpenMP;2;3; 0.038697; 0.000552; 0.024998; 0.013147;
MPI+OpenMP;3;3; 0.038642; 0.000646; 0.024806; 0.013188;
MPI+OpenMP;4;3; 0.041227; 0.000596; 0.026619; 0.014012;
MPIOnly;0;5; 0.049471; 0.000641; 0.037365; 0.011465;
MPI+OpenMP;1;5; 0.053154; 0.000870; 0.038726; 0.013558;
MPI+OpenMP;2;5; 0.055073; 0.001276; 0.040487; 0.013309;
MPI+OpenMP;3;5; 0.052462; 0.000670; 0.036396; 0.015395;
MPI+OpenMP;4;5; 0.060825; 0.000979; 0.045196; 0.014650;
MPIOnly;0;9; 0.074689; 0.000943; 0.062781; 0.010964;
MPI+OpenMP;1;9; 0.083018; 0.001982; 0.063848; 0.017186;
MPI+OpenMP;2;9; 0.097243; 0.001272; 0.076380; 0.019589;
MPI+OpenMP;3;9; 0.117286; 0.001514; 0.084520; 0.031249;
MPI+OpenMP;4;9; 0.158553; 0.000909; 0.127950; 0.029690;
Sequential;0;0; 0.008786; 0.000702; 0.0; 0.008084;
MPIOnly;0;1; 0.018969; 0.009629; 0.008990; 0.009340;
MPI+OpenMP;1;1; 0.019247; 0.009568; 0.008697; 0.009679;
MPI+OpenMP;2;1; 0.021426; 0.009879; 0.008957; 0.011547;
MPI+OpenMP;3;1; 0.023568; 0.009996; 0.009053; 0.013572;
MPI+OpenMP;4;1; 0.021593; 0.009464; 0.008652; 0.012129;
MPIOnly;0;3; 0.033907; 0.000804; 0.023437; 0.009665;
MPI+OpenMP;1;3; 0.034880; 0.000742; 0.023593; 0.010544;
MPI+OpenMP;2;3; 0.037370; 0.000652; 0.024325; 0.012393;
MPI+OpenMP;3;3; 0.038427; 0.000784; 0.023761; 0.013882;
MPI+OpenMP;4;3; 0.037713; 0.000392; 0.023749; 0.013572;
MPIOnly;0;5; 0.045370; 0.000645; 0.035491; 0.009233;
MPI+OpenMP;1;5; 0.046012; 0.000749; 0.033598; 0.011665;
MPI+OpenMP;2;5; 0.049714; 0.000716; 0.035214; 0.013783;
MPI+OpenMP;3;5; 0.049244; 0.000836; 0.035132; 0.013273;
MPI+OpenMP;4;5; 0.062635; 0.000868; 0.037928; 0.023838;
MPIOnly;0;9; 0.087963; 0.003397; 0.068035; 0.016529;
MPI+OpenMP;1;9; 0.086447; 0.001072; 0.069178; 0.016197;
MPI+OpenMP;2;9; 0.091771; 0.002302; 0.072603; 0.016865;
MPI+OpenMP;3;9; 0.129321; 0.003458; 0.068479; 0.057382;
MPI+OpenMP;4;9; 0.170381; 0.002107; 0.082057; 0.086216;
Sequential;0;0; 0.008611; 0.000715; 0.0; 0.007895;
MPIOnly;0;1; 0.017903; 0.009116; 0.008462; 0.008787;
MPI+OpenMP;1;1; 0.019333; 0.009225; 0.008379; 0.010108;
MPI+OpenMP;2;1; 0.020774; 0.009185; 0.008343; 0.011589;
MPI+OpenMP;3;1; 0.020788; 0.009007; 0.008174; 0.011781;
MPI+OpenMP;4;1; 0.021152; 0.009491; 0.008626; 0.011661;
MPIOnly;0;3; 0.033647; 0.000470; 0.023635; 0.009541;
MPI+OpenMP;1;3; 0.035315; 0.001137; 0.022977; 0.011200;
MPI+OpenMP;2;3; 0.037352; 0.000602; 0.023803; 0.012947;
MPI+OpenMP;3;3; 0.037007; 0.000978; 0.023425; 0.012602;
MPI+OpenMP;4;3; 0.039500; 0.000907; 0.023945; 0.014646;
MPIOnly;0;5; 0.048733; 0.000567; 0.037604; 0.010562;
MPI+OpenMP;1;5; 0.056673; 0.000699; 0.039608; 0.016365;
MPI+OpenMP;2;5; 0.057249; 0.000701; 0.040905; 0.015643;
MPI+OpenMP;3;5; 0.055944; 0.000844; 0.040735; 0.014363;
MPI+OpenMP;4;5; 0.062545; 0.001588; 0.037775; 0.023182;
MPIOnly;0;9; 0.084677; 0.003211; 0.066515; 0.014951;
MPI+OpenMP;1;9; 0.089693; 0.002743; 0.066906; 0.020044;
MPI+OpenMP;2;9; 0.093690; 0.000156; 0.071248; 0.022285;
MPI+OpenMP;3;9; 0.101095; 0.001031; 0.067194; 0.032869;
MPI+OpenMP;4;9; 0.135513; 0.001500; 0.061613; 0.072400;
Sequential;0;0; 0.008334; 0.000706; 0.0; 0.007628;
MPIOnly;0;1; 0.017883; 0.008924; 0.008277; 0.008959;
MPI+OpenMP;1;1; 0.018452; 0.009046; 0.008183; 0.009406;
MPI+OpenMP;2;1; 0.021169; 0.009355; 0.008455; 0.011814;
MPI+OpenMP;3;1; 0.021339; 0.009509; 0.008641; 0.011830;
MPI+OpenMP;4;1; 0.022991; 0.009836; 0.008834; 0.013155;
MPIOnly;0;3; 0.035693; 0.000580; 0.024767; 0.010346;
MPI+OpenMP;1;3; 0.037462; 0.000624; 0.025222; 0.011615;
MPI+OpenMP;2;3; 0.038454; 0.000859; 0.023697; 0.013897;
MPI+OpenMP;3;3; 0.041957; 0.000913; 0.024831; 0.016212;
MPI+OpenMP;4;3; 0.043515; 0.000944; 0.026976; 0.015595;
MPIOnly;0;5; 0.052345; 0.001059; 0.039222; 0.012062;
MPI+OpenMP;1;5; 0.048345; 0.000960; 0.034853; 0.012531;
MPI+OpenMP;2;5; 0.051568; 0.000690; 0.037466; 0.013411;
MPI+OpenMP;3;5; 0.055781; 0.000653; 0.040511; 0.014614;
MPI+OpenMP;4;5; 0.064832; 0.000735; 0.041130; 0.022967;
MPIOnly;0;9; 0.077151; 0.001965; 0.061975; 0.013210;
MPI+OpenMP;1;9; 0.075914; 0.001262; 0.059443; 0.015207;
MPI+OpenMP;2;9; 0.084316; 0.001312; 0.066664; 0.016340;
MPI+OpenMP;3;9; 0.114392; 0.001663; 0.085825; 0.026903;
MPI+OpenMP;4;9; 0.159323; 0.000096; 0.089381; 0.069843;
Sequential;0;0; 0.009149; 0.000748; 0.0; 0.008401;
MPIOnly;0;1; 0.019296; 0.009524; 0.008765; 0.009771;
MPI+OpenMP;1;1; 0.019462; 0.009979; 0.009014; 0.009482;
MPI+OpenMP;2;1; 0.021972; 0.009563; 0.008659; 0.012409;
MPI+OpenMP;3;1; 0.022392; 0.009883; 0.009046; 0.012509;
MPI+OpenMP;4;1; 0.022791; 0.009623; 0.008770; 0.013168;
MPIOnly;0;3; 0.038050; 0.000886; 0.025627; 0.011536;
MPI+OpenMP;1;3; 0.037709; 0.000625; 0.025544; 0.011540;
MPI+OpenMP;2;3; 0.037346; 0.000311; 0.023549; 0.013484;
MPI+OpenMP;3;3; 0.038935; 0.000552; 0.024435; 0.013948;
MPI+OpenMP;4;3; 0.042396; 0.000557; 0.026783; 0.015056;
MPIOnly;0;5; 0.047401; 0.000937; 0.034665; 0.011798;
MPI+OpenMP;1;5; 0.051194; 0.000648; 0.038785; 0.011761;
MPI+OpenMP;2;5; 0.049906; 0.000685; 0.037865; 0.011355;
MPI+OpenMP;3;5; 0.053590; 0.000925; 0.037677; 0.014986;
MPI+OpenMP;4;5; 0.058613; 0.000575; 0.042789; 0.015249;
MPIOnly;0;9; 0.077023; 0.001318; 0.061163; 0.014538;
MPI+OpenMP;1;9; 0.079516; 0.001540; 0.063930; 0.014045;
MPI+OpenMP;2;9; 0.093562; 0.002751; 0.072300; 0.018509;
MPI+OpenMP;3;9; 0.118680; 0.001724; 0.075957; 0.040996;
MPI+OpenMP;4;9; 0.192913; 0.003622; 0.086263; 0.103025;
Sequential;0;0; 0.009673; 0.000780; 0.0; 0.008893;
MPIOnly;0;1; 0.018169; 0.009775; 0.009067; 0.008394;
MPI+OpenMP;1;1; 0.020919; 0.009725; 0.008787; 0.011194;
MPI+OpenMP;2;1; 0.022413; 0.009230; 0.008350; 0.013183;
MPI+OpenMP;3;1; 0.022070; 0.009557; 0.008586; 0.012513;
MPI+OpenMP;4;1; 0.023227; 0.009913; 0.009082; 0.013314;
MPIOnly;0;3; 0.034939; 0.000809; 0.024993; 0.009136;
MPI+OpenMP;1;3; 0.038208; 0.000375; 0.025772; 0.012060;
MPI+OpenMP;2;3; 0.036596; 0.000498; 0.023539; 0.012559;
MPI+OpenMP;3;3; 0.037252; 0.000574; 0.023070; 0.013608;
MPI+OpenMP;4;3; 0.038838; 0.000463; 0.023573; 0.014802;
MPIOnly;0;5; 0.045469; 0.000498; 0.034404; 0.010566;
MPI+OpenMP;1;5; 0.046757; 0.000598; 0.035185; 0.010973;
MPI+OpenMP;2;5; 0.048922; 0.000623; 0.035476; 0.012822;
MPI+OpenMP;3;5; 0.053045; 0.001137; 0.037379; 0.014529;
MPI+OpenMP;4;5; 0.066948; 0.000779; 0.040354; 0.025814;
MPIOnly;0;9; 0.081447; 0.001456; 0.065243; 0.014745;
MPI+OpenMP;1;9; 0.089844; 0.003702; 0.069286; 0.016852;
MPI+OpenMP;2;9; 0.100949; 0.002463; 0.079980; 0.018502;
MPI+OpenMP;3;9; 0.129918; 0.003243; 0.092909; 0.033765;
MPI+OpenMP;4;9; 0.146887; 0.001203; 0.072207; 0.073475;
Sequential;0;0; 0.008648; 0.000719; 0.0; 0.007929;
MPIOnly;0;1; 0.018452; 0.009329; 0.008672; 0.009122;
MPI+OpenMP;1;1; 0.020238; 0.009882; 0.009004; 0.010356;
MPI+OpenMP;2;1; 0.020868; 0.009336; 0.008466; 0.011532;
MPI+OpenMP;3;1; 0.021811; 0.010270; 0.009477; 0.011541;
MPI+OpenMP;4;1; 0.021347; 0.009410; 0.008592; 0.011936;
MPIOnly;0;3; 0.033732; 0.000554; 0.022919; 0.010259;
MPI+OpenMP;1;3; 0.035875; 0.000641; 0.023769; 0.011465;
MPI+OpenMP;2;3; 0.036064; 0.000570; 0.023448; 0.012045;
MPI+OpenMP;3;3; 0.046428; 0.000710; 0.031421; 0.014297;
MPI+OpenMP;4;3; 0.041224; 0.000603; 0.025570; 0.015051;
MPIOnly;0;5; 0.049980; 0.001114; 0.036880; 0.011986;
MPI+OpenMP;1;5; 0.046997; 0.000878; 0.034281; 0.011832;
MPI+OpenMP;2;5; 0.053833; 0.000604; 0.039623; 0.013606;
MPI+OpenMP;3;5; 0.065235; 0.001142; 0.040093; 0.023999;
MPI+OpenMP;4;5; 0.066800; 0.001209; 0.046308; 0.019282;
MPIOnly;0;9; 0.083809; 0.000657; 0.067768; 0.015383;
MPI+OpenMP;1;9; 0.089796; 0.001326; 0.068195; 0.020273;
MPI+OpenMP;2;9; 0.092418; 0.001304; 0.070113; 0.020999;
MPI+OpenMP;3;9; 0.107095; 0.000974; 0.067072; 0.039049;
MPI+OpenMP;4;9; 0.137008; 0.001210; 0.072039; 0.063758;
Sequential;0;0; 0.008678; 0.000751; 0.0; 0.007927;
MPIOnly;0;1; 0.018066; 0.009234; 0.008597; 0.008832;
MPI+OpenMP;1;1; 0.019519; 0.009458; 0.008608; 0.010061;
MPI+OpenMP;2;1; 0.020179; 0.009283; 0.008460; 0.010896;
MPI+OpenMP;3;1; 0.021554; 0.009149; 0.008301; 0.012405;
MPI+OpenMP;4;1; 0.022164; 0.009819; 0.008910; 0.012345;
MPIOnly;0;3; 0.035113; 0.000633; 0.024085; 0.010395;
MPI+OpenMP;1;3; 0.036478; 0.000634; 0.024485; 0.011359;
MPI+OpenMP;2;3; 0.037681; 0.000405; 0.024655; 0.012619;
MPI+OpenMP;3;3; 0.039505; 0.000903; 0.024057; 0.014543;
MPI+OpenMP;4;3; 0.039847; 0.000801; 0.024665; 0.014380;
MPIOnly;0;5; 0.048425; 0.000746; 0.037157; 0.010521;
MPI+OpenMP;1;5; 0.047953; 0.000687; 0.036096; 0.011170;
MPI+OpenMP;2;5; 0.052831; 0.000971; 0.038159; 0.013701;
MPI+OpenMP;3;5; 0.058003; 0.001020; 0.041164; 0.015818;
MPI+OpenMP;4;5; 0.064894; 0.001017; 0.042259; 0.021617;
MPIOnly;0;9; 0.076472; 0.001431; 0.061279; 0.013761;
MPI+OpenMP;1;9; 0.080444; 0.002148; 0.062090; 0.016205;
MPI+OpenMP;2;9; 0.096242; 0.001046; 0.071919; 0.023276;
MPI+OpenMP;3;9; 0.109124; 0.000090; 0.066270; 0.042764;
MPI+OpenMP;4;9; 0.156019; 0.001072; 0.090711; 0.064234;
Sequential;0;0; 0.008239; 0.000683; 0.0; 0.007556;
MPIOnly;0;1; 0.017287; 0.008750; 0.008106; 0.008537;
MPI+OpenMP;1;1; 0.020908; 0.009770; 0.008896; 0.011138;
MPI+OpenMP;2;1; 0.021263; 0.009413; 0.008566; 0.011849;
MPI+OpenMP;3;1; 0.021563; 0.009349; 0.008494; 0.012214;
MPI+OpenMP;4;1; 0.022557; 0.009980; 0.009114; 0.012577;
MPIOnly;0;3; 0.033399; 0.000653; 0.023257; 0.009489;
MPI+OpenMP;1;3; 0.034994; 0.000694; 0.022985; 0.011315;
MPI+OpenMP;2;3; 0.039053; 0.000981; 0.024903; 0.013168;
MPI+OpenMP;3;3; 0.040187; 0.000660; 0.025540; 0.013986;
MPI+OpenMP;4;3; 0.039950; 0.000715; 0.024373; 0.014862;
MPIOnly;0;5; 0.046159; 0.000793; 0.034985; 0.010381;
MPI+OpenMP;1;5; 0.049746; 0.000635; 0.036029; 0.013082;
MPI+OpenMP;2;5; 0.052879; 0.000977; 0.039487; 0.012414;
MPI+OpenMP;3;5; 0.051988; 0.000829; 0.037298; 0.013858;
MPI+OpenMP;4;5; 0.063312; 0.000752; 0.043199; 0.019361;
MPIOnly;0;9; 0.079596; 0.001901; 0.064752; 0.012942;
MPI+OpenMP;1;9; 0.087269; 0.003191; 0.066746; 0.017328;
MPI+OpenMP;2;9; 0.101697; 0.002668; 0.078977; 0.020049;
MPI+OpenMP;3;9; 0.128345; 0.002842; 0.089319; 0.036183;
MPI+OpenMP;4;9; 0.163809; 0.000230; 0.083369; 0.080210;
Sequential;0;0; 0.009293; 0.000710; 0.0; 0.008583;
MPIOnly;0;1; 0.018875; 0.009803; 0.009128; 0.009071;
MPI+OpenMP;1;1; 0.021098; 0.009866; 0.008964; 0.011231;
MPI+OpenMP;2;1; 0.022669; 0.009941; 0.009049; 0.012728;
MPI+OpenMP;3;1; 0.021361; 0.009625; 0.008754; 0.011736;
MPI+OpenMP;4;1; 0.022152; 0.009514; 0.008720; 0.012638;
MPIOnly;0;3; 0.034413; 0.000603; 0.023409; 0.010400;
MPI+OpenMP;1;3; 0.035201; 0.000628; 0.023579; 0.010993;
MPI+OpenMP;2;3; 0.037317; 0.000368; 0.024491; 0.012457;
MPI+OpenMP;3;3; 0.039980; 0.000670; 0.024658; 0.014652;
MPI+OpenMP;4;3; 0.039295; 0.000374; 0.024088; 0.014833;
MPIOnly;0;5; 0.045197; 0.000735; 0.034455; 0.010006;
MPI+OpenMP;1;5; 0.047357; 0.000541; 0.035924; 0.010892;
MPI+OpenMP;2;5; 0.050541; 0.000847; 0.036860; 0.012832;
MPI+OpenMP;3;5; 0.056753; 0.000681; 0.040689; 0.015383;
MPI+OpenMP;4;5; 0.066072; 0.000686; 0.048995; 0.016390;
MPIOnly;0;9; 0.084944; 0.000979; 0.069442; 0.014520;
MPI+OpenMP;1;9; 0.089700; 0.000108; 0.069416; 0.020173;
MPI+OpenMP;2;9; 0.093022; 0.001324; 0.069282; 0.022415;
MPI+OpenMP;3;9; 0.120331; 0.001165; 0.087891; 0.031273;
MPI+OpenMP;4;9; 0.147236; 0.001728; 0.067110; 0.078394;
Sequential;0;0; 0.008108; 0.000751; 0.0; 0.007357;
MPIOnly;0;1; 0.017977; 0.008973; 0.008343; 0.009004;
MPI+OpenMP;1;1; 0.020065; 0.009455; 0.008574; 0.010610;
MPI+OpenMP;2;1; 0.021322; 0.009376; 0.008542; 0.011946;
MPI+OpenMP;3;1; 0.023397; 0.009993; 0.009106; 0.013404;
MPI+OpenMP;4;1; 0.022145; 0.009843; 0.008943; 0.012302;
MPIOnly;0;3; 0.033635; 0.000840; 0.022863; 0.009932;
MPI+OpenMP;1;3; 0.034686; 0.000660; 0.023641; 0.010384;
MPI+OpenMP;2;3; 0.037503; 0.000540; 0.023692; 0.013271;
MPI+OpenMP;3;3; 0.039955; 0.000677; 0.024540; 0.014737;
MPI+OpenMP;4;3; 0.042927; 0.000514; 0.027108; 0.015305;
MPIOnly;0;5; 0.053032; 0.001334; 0.040229; 0.011467;
MPI+OpenMP;1;5; 0.051007; 0.000888; 0.036780; 0.013338;
MPI+OpenMP;2;5; 0.050636; 0.000719; 0.035730; 0.014187;
MPI+OpenMP;3;5; 0.055136; 0.000532; 0.037566; 0.017038;
MPI+OpenMP;4;5; 0.061117; 0.000784; 0.038446; 0.021886;
MPIOnly;0;9; 0.079669; 0.000187; 0.064827; 0.014655;
MPI+OpenMP;1;9; 0.088641; 0.001245; 0.068760; 0.018634;
MPI+OpenMP;2;9; 0.089595; 0.000663; 0.070796; 0.018135;
MPI+OpenMP;3;9; 0.114073; 0.001070; 0.087348; 0.025654;
MPI+OpenMP;4;9; 0.163235; 0.000546; 0.085932; 0.076754;
Sequential;0;0; 0.007730; 0.000856; 0.0; 0.006874;
MPIOnly;0;1; 0.018896; 0.009676; 0.009017; 0.009220;
MPI+OpenMP;1;1; 0.020166; 0.009620; 0.008738; 0.010546;
MPI+OpenMP;2;1; 0.023971; 0.010239; 0.009331; 0.013731;
MPI+OpenMP;3;1; 0.022740; 0.009582; 0.008669; 0.013158;
MPI+OpenMP;4;1; 0.022162; 0.009617; 0.008834; 0.012545;
MPIOnly;0;3; 0.035579; 0.000500; 0.024463; 0.010616;
MPI+OpenMP;1;3; 0.036493; 0.000457; 0.025328; 0.010708;
MPI+OpenMP;2;3; 0.039362; 0.000685; 0.024779; 0.013897;
MPI+OpenMP;3;3; 0.039071; 0.000619; 0.024320; 0.014131;
MPI+OpenMP;4;3; 0.040638; 0.000629; 0.024113; 0.015896;
MPIOnly;0;5; 0.048498; 0.000750; 0.037491; 0.010257;
MPI+OpenMP;1;5; 0.051691; 0.000565; 0.038153; 0.012972;
MPI+OpenMP;2;5; 0.050971; 0.000790; 0.038104; 0.012076;
MPI+OpenMP;3;5; 0.053852; 0.000576; 0.038948; 0.014328;
MPI+OpenMP;4;5; 0.060408; 0.000667; 0.043018; 0.016721;
MPIOnly;0;9; 0.078854; 0.001867; 0.062380; 0.014607;
MPI+OpenMP;1;9; 0.081446; 0.000060; 0.065283; 0.016101;
MPI+OpenMP;2;9; 0.088699; 0.001747; 0.070015; 0.016936;
MPI+OpenMP;3;9; 0.118301; 0.001031; 0.074047; 0.043219;
MPI+OpenMP;4;9; 0.162628; 0.003280; 0.098457; 0.060889;
Sequential;0;0; 0.008663; 0.000712; 0.0; 0.007951;
MPIOnly;0;1; 0.018333; 0.009150; 0.008456; 0.009183;
MPI+OpenMP;1;1; 0.020781; 0.010032; 0.009143; 0.010749;
MPI+OpenMP;2;1; 0.021192; 0.009473; 0.008626; 0.011719;
MPI+OpenMP;3;1; 0.021880; 0.009651; 0.008793; 0.012229;
MPI+OpenMP;4;1; 0.022213; 0.010164; 0.008794; 0.012049;
MPIOnly;0;3; 0.035938; 0.000502; 0.025052; 0.010384;
MPI+OpenMP;1;3; 0.037411; 0.000759; 0.024741; 0.011910;
MPI+OpenMP;2;3; 0.037751; 0.000423; 0.023723; 0.013605;
MPI+OpenMP;3;3; 0.039797; 0.000968; 0.024369; 0.014460;
MPI+OpenMP;4;3; 0.037285; 0.000637; 0.023841; 0.012807;
MPIOnly;0;5; 0.045792; 0.000789; 0.034984; 0.010018;
MPI+OpenMP;1;5; 0.046468; 0.000654; 0.034911; 0.010902;
MPI+OpenMP;2;5; 0.049896; 0.000872; 0.035304; 0.013720;
MPI+OpenMP;3;5; 0.049839; 0.000486; 0.035502; 0.013850;
MPI+OpenMP;4;5; 0.058912; 0.000759; 0.035799; 0.022354;
MPIOnly;0;9; 0.081357; 0.001986; 0.063659; 0.015710;
MPI+OpenMP;1;9; 0.090216; 0.001767; 0.070770; 0.017675;
MPI+OpenMP;2;9; 0.095556; 0.000028; 0.071809; 0.023717;
MPI+OpenMP;3;9; 0.117148; 0.002561; 0.096022; 0.018563;
MPI+OpenMP;4;9; 0.140711; 0.001082; 0.107038; 0.032590;
Sequential;0;0; 0.008150; 0.000726; 0.0; 0.007424;
MPIOnly;0;1; 0.019502; 0.010025; 0.009320; 0.009477;
MPI+OpenMP;1;1; 0.019101; 0.009288; 0.008406; 0.009813;
MPI+OpenMP;2;1; 0.020392; 0.009251; 0.008439; 0.011141;
MPI+OpenMP;3;1; 0.021004; 0.009262; 0.008371; 0.011742;
MPI+OpenMP;4;1; 0.021776; 0.009357; 0.008534; 0.012419;
MPIOnly;0;3; 0.033341; 0.000865; 0.023236; 0.009240;
MPI+OpenMP;1;3; 0.035469; 0.000621; 0.023565; 0.011283;
MPI+OpenMP;2;3; 0.037626; 0.000589; 0.023505; 0.013531;
MPI+OpenMP;3;3; 0.037915; 0.000600; 0.023949; 0.013366;
MPI+OpenMP;4;3; 0.036760; 0.000439; 0.023111; 0.013208;
MPIOnly;0;5; 0.046096; 0.000536; 0.035285; 0.010274;
MPI+OpenMP;1;5; 0.049677; 0.000921; 0.036144; 0.012611;
MPI+OpenMP;2;5; 0.055826; 0.000557; 0.038487; 0.016781;
MPI+OpenMP;3;5; 0.057216; 0.001292; 0.038332; 0.017590;
MPI+OpenMP;4;5; 0.062082; 0.000965; 0.037706; 0.023411;
MPIOnly;0;9; 0.086312; 0.001547; 0.069363; 0.015401;
MPI+OpenMP;1;9; 0.089505; 0.001948; 0.070714; 0.016843;
MPI+OpenMP;2;9; 0.103065; 0.001358; 0.074623; 0.027083;
MPI+OpenMP;3;9; 0.107984; 0.001767; 0.065978; 0.040237;
MPI+OpenMP;4;9; 0.148318; 0.002000; 0.066260; 0.080056;
Sequential;0;0; 0.008943; 0.000837; 0.0; 0.008106;
MPIOnly;0;1; 0.017984; 0.008974; 0.008348; 0.009010;
MPI+OpenMP;1;1; 0.019609; 0.009382; 0.008524; 0.010227;
MPI+OpenMP;2;1; 0.020938; 0.009427; 0.008559; 0.011511;
MPI+OpenMP;3;1; 0.021545; 0.009167; 0.008354; 0.012378;
MPI+OpenMP;4;1; 0.021200; 0.009135; 0.008271; 0.012065;
MPIOnly;0;3; 0.035423; 0.000522; 0.024175; 0.010725;
MPI+OpenMP;1;3; 0.035458; 0.000634; 0.023757; 0.011067;
MPI+OpenMP;2;3; 0.038346; 0.000646; 0.024190; 0.013509;
MPI+OpenMP;3;3; 0.039110; 0.000664; 0.024085; 0.014360;
MPI+OpenMP;4;3; 0.040318; 0.000511; 0.024460; 0.015347;
MPIOnly;0;5; 0.053559; 0.000670; 0.042217; 0.010671;
MPI+OpenMP;1;5; 0.054409; 0.000307; 0.041461; 0.012640;
MPI+OpenMP;2;5; 0.052431; 0.000868; 0.037362; 0.014200;
MPI+OpenMP;3;5; 0.057611; 0.000691; 0.042062; 0.014858;
MPI+OpenMP;4;5; 0.068000; 0.001250; 0.041991; 0.024757;
MPIOnly;0;9; 0.081378; 0.002284; 0.065407; 0.013686;
MPI+OpenMP;1;9; 0.078738; 0.001968; 0.061164; 0.015603;
MPI+OpenMP;2;9; 0.090485; 0.001174; 0.069550; 0.019759;
MPI+OpenMP;3;9; 0.105085; 0.000694; 0.079071; 0.025318;
MPI+OpenMP;4;9; 0.152138; 0.000135; 0.079701; 0.072302;
Sequential;0;0; 0.008527; 0.000716; 0.0; 0.007810;
MPIOnly;0;1; 0.018172; 0.009370; 0.008625; 0.008802;
MPI+OpenMP;1;1; 0.020649; 0.009937; 0.008964; 0.010712;
MPI+OpenMP;2;1; 0.022835; 0.009613; 0.008752; 0.013222;
MPI+OpenMP;3;1; 0.022392; 0.009977; 0.009074; 0.012415;
MPI+OpenMP;4;1; 0.023365; 0.010881; 0.009591; 0.012483;
MPIOnly;0;3; 0.035050; 0.000900; 0.023799; 0.010351;
MPI+OpenMP;1;3; 0.036844; 0.000353; 0.023976; 0.012513;
MPI+OpenMP;2;3; 0.039228; 0.000972; 0.024797; 0.013458;
MPI+OpenMP;3;3; 0.040414; 0.000652; 0.024671; 0.015090;
MPI+OpenMP;4;3; 0.043590; 0.000714; 0.026813; 0.016062;
MPIOnly;0;5; 0.052106; 0.000724; 0.039033; 0.012348;
MPI+OpenMP;1;5; 0.049197; 0.001137; 0.035584; 0.012475;
MPI+OpenMP;2;5; 0.049664; 0.000976; 0.036021; 0.012666;
MPI+OpenMP;3;5; 0.052267; 0.000656; 0.037859; 0.013752;
MPI+OpenMP;4;5; 0.061575; 0.000988; 0.035061; 0.025525;
MPIOnly;0;9; 0.075610; 0.001884; 0.061234; 0.012490;
MPI+OpenMP;1;9; 0.080210; 0.001906; 0.062299; 0.016004;
MPI+OpenMP;2;9; 0.092664; 0.000242; 0.066350; 0.026071;
MPI+OpenMP;3;9; 0.124404; 0.003098; 0.066849; 0.054453;
MPI+OpenMP;4;9; 0.154822; 0.003098; 0.077573; 0.074151;
Sequential;0;0; 0.009831; 0.000671; 0.0; 0.009160;
MPIOnly;0;1; 0.018764; 0.009529; 0.008875; 0.009234;
MPI+OpenMP;1;1; 0.021497; 0.010164; 0.009196; 0.011333;
MPI+OpenMP;2;1; 0.024100; 0.011183; 0.009787; 0.012917;
MPI+OpenMP;3;1; 0.023280; 0.010440; 0.009526; 0.012839;
MPI+OpenMP;4;1; 0.024023; 0.010385; 0.009479; 0.013638;
MPIOnly;0;3; 0.037202; 0.000785; 0.026297; 0.010119;
MPI+OpenMP;1;3; 0.034807; 0.000412; 0.024261; 0.010134;
MPI+OpenMP;2;3; 0.037041; 0.000885; 0.023509; 0.012647;
MPI+OpenMP;3;3; 0.036152; 0.000893; 0.022598; 0.012661;
MPI+OpenMP;4;3; 0.040477; 0.000688; 0.025449; 0.014340;
MPIOnly;0;5; 0.044631; 0.000715; 0.034738; 0.009177;
MPI+OpenMP;1;5; 0.048610; 0.000666; 0.035585; 0.012358;
MPI+OpenMP;2;5; 0.050837; 0.000683; 0.036249; 0.013904;
MPI+OpenMP;3;5; 0.051828; 0.000558; 0.037733; 0.013537;
MPI+OpenMP;4;5; 0.064282; 0.000650; 0.038536; 0.025094;
MPIOnly;0;9; 0.080417; 0.002432; 0.062725; 0.015259;
MPI+OpenMP;1;9; 0.088265; 0.002122; 0.068431; 0.017711;
MPI+OpenMP;2;9; 0.101744; 0.003141; 0.077174; 0.021426;
MPI+OpenMP;3;9; 0.123971; 0.001352; 0.070691; 0.051928;
MPI+OpenMP;4;9; 0.165689; 0.001030; 0.083555; 0.081104;
Sequential;0;0; 0.009409; 0.000718; 0.0; 0.008691;
MPIOnly;0;1; 0.017677; 0.009311; 0.008662; 0.008366;
MPI+OpenMP;1;1; 0.019512; 0.009387; 0.008538; 0.010125;
MPI+OpenMP;2;1; 0.020982; 0.009427; 0.008579; 0.011554;
MPI+OpenMP;3;1; 0.020368; 0.009309; 0.008455; 0.011059;
MPI+OpenMP;4;1; 0.020981; 0.009036; 0.008211; 0.011945;
MPIOnly;0;3; 0.033733; 0.000550; 0.023572; 0.009611;
MPI+OpenMP;1;3; 0.034049; 0.001049; 0.022957; 0.010042;
MPI+OpenMP;2;3; 0.036974; 0.000366; 0.023712; 0.012896;
MPI+OpenMP;3;3; 0.038279; 0.000743; 0.023895; 0.013640;
MPI+OpenMP;4;3; 0.038339; 0.000673; 0.024079; 0.013586;
MPIOnly;0;5; 0.045780; 0.000630; 0.034582; 0.010568;
MPI+OpenMP;1;5; 0.050027; 0.000853; 0.037218; 0.011955;
MPI+OpenMP;2;5; 0.052756; 0.000571; 0.036695; 0.015490;
MPI+OpenMP;3;5; 0.053112; 0.000718; 0.038340; 0.014052;
MPI+OpenMP;4;5; 0.063537; 0.000694; 0.038582; 0.024260;
MPIOnly;0;9; 0.083239; 0.002256; 0.066049; 0.014934;
MPI+OpenMP;1;9; 0.085944; 0.001972; 0.069543; 0.014429;
MPI+OpenMP;2;9; 0.102766; 0.002879; 0.072298; 0.027587;
MPI+OpenMP;3;9; 0.108910; 0.000048; 0.068225; 0.040633;
MPI+OpenMP;4;9; 0.142066; 0.000038; 0.099061; 0.042965;
Sequential;0;0; 0.008907; 0.000668; 0.0; 0.008239;
MPIOnly;0;1; 0.017547; 0.009050; 0.008399; 0.008497;
MPI+OpenMP;1;1; 0.019484; 0.009475; 0.008640; 0.010009;
MPI+OpenMP;2;1; 0.020868; 0.009172; 0.008362; 0.011696;
MPI+OpenMP;3;1; 0.021863; 0.009366; 0.008566; 0.012497;
MPI+OpenMP;4;1; 0.021966; 0.009367; 0.008580; 0.012599;
MPIOnly;0;3; 0.034291; 0.001364; 0.023452; 0.009475;
MPI+OpenMP;1;3; 0.036642; 0.000426; 0.025141; 0.011075;
MPI+OpenMP;2;3; 0.038566; 0.000752; 0.025334; 0.012480;
MPI+OpenMP;3;3; 0.038045; 0.001196; 0.023939; 0.012909;
MPI+OpenMP;4;3; 0.040231; 0.000321; 0.023452; 0.016456;
MPIOnly;0;5; 0.048207; 0.000871; 0.037612; 0.009724;
MPI+OpenMP;1;5; 0.054102; 0.000514; 0.039949; 0.013637;
MPI+OpenMP;2;5; 0.052055; 0.000781; 0.037846; 0.013428;
MPI+OpenMP;3;5; 0.056422; 0.001655; 0.039739; 0.015026;
MPI+OpenMP;4;5; 0.066130; 0.000859; 0.039362; 0.025908;
MPIOnly;0;9; 0.080477; 0.002968; 0.063126; 0.014383;
MPI+OpenMP;1;9; 0.081844; 0.002276; 0.064505; 0.015063;
MPI+OpenMP;2;9; 0.090559; 0.001064; 0.067660; 0.021834;
MPI+OpenMP;3;9; 0.105813; 0.001729; 0.064116; 0.039965;
MPI+OpenMP;4;9; 0.166759; 0.001969; 0.072920; 0.091867;
Sequential;0;0; 0.009278; 0.000688; 0.0; 0.008590;
MPIOnly;0;1; 0.017948; 0.009318; 0.008673; 0.008630;
MPI+OpenMP;1;1; 0.020385; 0.009738; 0.008821; 0.010647;
MPI+OpenMP;2;1; 0.020579; 0.009343; 0.008326; 0.011236;
MPI+OpenMP;3;1; 0.020584; 0.009314; 0.008470; 0.011270;
MPI+OpenMP;4;1; 0.022492; 0.009981; 0.008963; 0.012511;
MPIOnly;0;3; 0.035321; 0.000798; 0.024076; 0.010446;
MPI+OpenMP;1;3; 0.036499; 0.000789; 0.024555; 0.011155;
MPI+OpenMP;2;3; 0.039582; 0.000710; 0.026047; 0.012825;
MPI+OpenMP;3;3; 0.039570; 0.000645; 0.024987; 0.013938;
MPI+OpenMP;4;3; 0.038450; 0.000630; 0.024071; 0.013747;
MPIOnly;0;5; 0.048751; 0.000693; 0.036324; 0.011733;
MPI+OpenMP;1;5; 0.051507; 0.000720; 0.038867; 0.011919;
MPI+OpenMP;2;5; 0.048603; 0.000956; 0.034041; 0.013606;
MPI+OpenMP;3;5; 0.057277; 0.000723; 0.041596; 0.014957;
MPI+OpenMP;4;5; 0.064294; 0.001197; 0.046760; 0.016336;
MPIOnly;0;9; 0.076643; 0.000873; 0.062693; 0.013076;
MPI+OpenMP;1;9; 0.078326; 0.001534; 0.061342; 0.015446;
MPI+OpenMP;2;9; 0.102804; 0.002808; 0.075888; 0.024105;
MPI+OpenMP;3;9; 0.120939; 0.001731; 0.068871; 0.050336;
MPI+OpenMP;4;9; 0.155650; 0.003079; 0.078897; 0.073673;
Sequential;0;0; 0.008454; 0.000725; 0.0; 0.007729;
MPIOnly;0;1; 0.019268; 0.009528; 0.008829; 0.009740;
MPI+OpenMP;1;1; 0.019895; 0.009556; 0.008717; 0.010338;
MPI+OpenMP;2;1; 0.021122; 0.009506; 0.008666; 0.011616;
MPI+OpenMP;3;1; 0.021636; 0.009465; 0.008463; 0.012171;
MPI+OpenMP;4;1; 0.022186; 0.009725; 0.008726; 0.012461;
MPIOnly;0;3; 0.034353; 0.000333; 0.024101; 0.009919;
MPI+OpenMP;1;3; 0.035336; 0.000666; 0.023549; 0.011119;
MPI+OpenMP;2;3; 0.038242; 0.000502; 0.023913; 0.013827;
MPI+OpenMP;3;3; 0.037551; 0.000348; 0.024095; 0.013107;
MPI+OpenMP;4;3; 0.039022; 0.000658; 0.024165; 0.014198;
MPIOnly;0;5; 0.048378; 0.000865; 0.036987; 0.010525;
MPI+OpenMP;1;5; 0.049131; 0.000642; 0.037324; 0.011164;
MPI+OpenMP;2;5; 0.048702; 0.000674; 0.035471; 0.012555;
MPI+OpenMP;3;5; 0.051607; 0.000517; 0.037736; 0.013353;
MPI+OpenMP;4;5; 0.062819; 0.001018; 0.037674; 0.024124;
MPIOnly;0;9; 0.088499; 0.001826; 0.067269; 0.019403;
MPI+OpenMP;1;9; 0.085435; 0.002564; 0.063565; 0.019304;
MPI+OpenMP;2;9; 0.095824; 0.001495; 0.077985; 0.016341;
MPI+OpenMP;3;9; 0.110267; 0.001597; 0.077345; 0.031321;
MPI+OpenMP;4;9; 0.165081; 0.002248; 0.084826; 0.078004;
Sequential;0;0; 0.009073; 0.000709; 0.0; 0.008364;
MPIOnly;0;1; 0.017974; 0.008927; 0.008266; 0.009047;
MPI+OpenMP;1;1; 0.019266; 0.009206; 0.008351; 0.010060;
MPI+OpenMP;2;1; 0.019831; 0.009054; 0.008216; 0.010777;
MPI+OpenMP;3;1; 0.021211; 0.009306; 0.008457; 0.011905;
MPI+OpenMP;4;1; 0.021921; 0.009454; 0.008644; 0.012467;
MPIOnly;0;3; 0.034466; 0.000631; 0.023173; 0.010661;
MPI+OpenMP;1;3; 0.036311; 0.001127; 0.024082; 0.011100;
MPI+OpenMP;2;3; 0.037165; 0.000530; 0.023830; 0.012803;
MPI+OpenMP;3;3; 0.036588; 0.000446; 0.022911; 0.013230;
MPI+OpenMP;4;3; 0.047604; 0.000899; 0.031830; 0.014874;
MPIOnly;0;5; 0.048940; 0.000597; 0.036989; 0.011353;
MPI+OpenMP;1;5; 0.053264; 0.000946; 0.039492; 0.012826;
MPI+OpenMP;2;5; 0.051205; 0.000680; 0.038118; 0.012404;
MPI+OpenMP;3;5; 0.055201; 0.000458; 0.038635; 0.016107;
MPI+OpenMP;4;5; 0.062726; 0.000782; 0.038102; 0.023840;
MPIOnly;0;9; 0.082772; 0.001303; 0.066219; 0.015248;
MPI+OpenMP;1;9; 0.080958; 0.000066; 0.064548; 0.016342;
MPI+OpenMP;2;9; 0.096275; 0.001180; 0.075832; 0.019263;
MPI+OpenMP;3;9; 0.119987; 0.000922; 0.077417; 0.041648;
MPI+OpenMP;4;9; 0.146106; 0.001799; 0.072952; 0.071352;
Sequential;0;0; 0.009857; 0.000721; 0.0; 0.009136;
MPIOnly;0;1; 0.019098; 0.009453; 0.008821; 0.009645;
MPI+OpenMP;1;1; 0.020266; 0.010067; 0.009163; 0.010199;
MPI+OpenMP;2;1; 0.021313; 0.009558; 0.008733; 0.011754;
MPI+OpenMP;3;1; 0.021065; 0.009362; 0.008511; 0.011703;
MPI+OpenMP;4;1; 0.021927; 0.009639; 0.008788; 0.012288;
MPIOnly;0;3; 0.034739; 0.000692; 0.024556; 0.009491;
MPI+OpenMP;1;3; 0.036390; 0.000375; 0.024062; 0.011953;
MPI+OpenMP;2;3; 0.038790; 0.000577; 0.025829; 0.012383;
MPI+OpenMP;3;3; 0.039195; 0.000454; 0.024309; 0.014432;
MPI+OpenMP;4;3; 0.041681; 0.000717; 0.024950; 0.016013;
MPIOnly;0;5; 0.052305; 0.001060; 0.037673; 0.013572;
MPI+OpenMP;1;5; 0.048410; 0.000586; 0.035742; 0.012082;
MPI+OpenMP;2;5; 0.053636; 0.001084; 0.037614; 0.014938;
MPI+OpenMP;3;5; 0.051787; 0.000904; 0.035445; 0.015437;
MPI+OpenMP;4;5; 0.066519; 0.001072; 0.047948; 0.017498;
MPIOnly;0;9; 0.083783; 0.000205; 0.068474; 0.015104;
MPI+OpenMP;1;9; 0.079947; 0.002337; 0.062934; 0.014672;
MPI+OpenMP;2;9; 0.088063; 0.001128; 0.070009; 0.016924;
MPI+OpenMP;3;9; 0.108599; 0.000758; 0.082100; 0.025741;
MPI+OpenMP;4;9; 0.171067; 0.001989; 0.071198; 0.097880;
Sequential;0;0; 0.009756; 0.000724; 0.0; 0.009031;
MPIOnly;0;1; 0.019970; 0.010060; 0.009381; 0.009910;
MPI+OpenMP;1;1; 0.020308; 0.009645; 0.008768; 0.010663;
MPI+OpenMP;2;1; 0.022023; 0.009437; 0.008640; 0.012586;
MPI+OpenMP;3;1; 0.022236; 0.009679; 0.008569; 0.012557;
MPI+OpenMP;4;1; 0.022448; 0.009327; 0.008465; 0.013121;
MPIOnly;0;3; 0.035643; 0.000382; 0.024199; 0.011060;
MPI+OpenMP;1;3; 0.038030; 0.000974; 0.024115; 0.012940;
MPI+OpenMP;2;3; 0.035906; 0.000411; 0.023575; 0.011918;
MPI+OpenMP;3;3; 0.039965; 0.000574; 0.024651; 0.014740;
MPI+OpenMP;4;3; 0.045591; 0.000820; 0.025285; 0.019485;
MPIOnly;0;5; 0.048518; 0.000610; 0.036895; 0.011012;
MPI+OpenMP;1;5; 0.046694; 0.000772; 0.035022; 0.010899;
MPI+OpenMP;2;5; 0.049433; 0.000744; 0.037392; 0.011297;
MPI+OpenMP;3;5; 0.051360; 0.000674; 0.036777; 0.013909;
MPI+OpenMP;4;5; 0.061836; 0.001003; 0.037293; 0.023539;
MPIOnly;0;9; 0.077505; 0.001259; 0.063962; 0.012280;
MPI+OpenMP;1;9; 0.084427; 0.001228; 0.063939; 0.019258;
MPI+OpenMP;2;9; 0.110682; 0.000683; 0.080080; 0.029919;
MPI+OpenMP;3;9; 0.128333; 0.002856; 0.091641; 0.033836;
MPI+OpenMP;4;9; 0.160243; 0.000782; 0.076866; 0.082593;
Sequential;0;0; 0.009075; 0.000685; 0.0; 0.008390;
MPIOnly;0;1; 0.018333; 0.009787; 0.009121; 0.008546;
MPI+OpenMP;1;1; 0.020982; 0.010359; 0.009122; 0.010622;
MPI+OpenMP;2;1; 0.021932; 0.009668; 0.008818; 0.012264;
MPI+OpenMP;3;1; 0.021931; 0.009375; 0.008470; 0.012556;
MPI+OpenMP;4;1; 0.021816; 0.009473; 0.008630; 0.012343;
MPIOnly;0;3; 0.033690; 0.000644; 0.023491; 0.009555;
MPI+OpenMP;1;3; 0.035830; 0.000792; 0.023537; 0.011498;
MPI+OpenMP;2;3; 0.035816; 0.000762; 0.023130; 0.011924;
MPI+OpenMP;3;3; 0.038180; 0.000518; 0.024271; 0.013389;
MPI+OpenMP;4;3; 0.040309; 0.000785; 0.024672; 0.014852;
MPIOnly;0;5; 0.044818; 0.000638; 0.034822; 0.009357;
MPI+OpenMP;1;5; 0.048105; 0.000642; 0.036226; 0.011237;
MPI+OpenMP;2;5; 0.050686; 0.000722; 0.036966; 0.012997;
MPI+OpenMP;3;5; 0.061905; 0.000707; 0.044090; 0.017106;
MPI+OpenMP;4;5; 0.069586; 0.001422; 0.040583; 0.027579;
MPIOnly;0;9; 0.094269; 0.001408; 0.075732; 0.017128;
MPI+OpenMP;1;9; 0.090758; 0.002677; 0.071550; 0.016531;
MPI+OpenMP;2;9; 0.090521; 0.001560; 0.072897; 0.016063;
MPI+OpenMP;3;9; 0.110470; 0.002331; 0.072747; 0.035389;
MPI+OpenMP;4;9; 0.147321; 0.002091; 0.072435; 0.072794;
Sequential;0;0; 0.008338; 0.000686; 0.0; 0.007652;
MPIOnly;0;1; 0.018120; 0.009386; 0.008735; 0.008734;
MPI+OpenMP;1;1; 0.019218; 0.009225; 0.008356; 0.009993;
MPI+OpenMP;2;1; 0.020091; 0.009330; 0.008485; 0.010761;
MPI+OpenMP;3;1; 0.021908; 0.009154; 0.008335; 0.012754;
MPI+OpenMP;4;1; 0.020834; 0.009201; 0.008362; 0.011633;
MPIOnly;0;3; 0.032391; 0.000345; 0.023342; 0.008704;
MPI+OpenMP;1;3; 0.034696; 0.000450; 0.023518; 0.010728;
MPI+OpenMP;2;3; 0.037944; 0.000468; 0.023308; 0.014167;
MPI+OpenMP;3;3; 0.042922; 0.000852; 0.026638; 0.015429;
MPI+OpenMP;4;3; 0.042802; 0.000620; 0.026277; 0.015904;
MPIOnly;0;5; 0.046376; 0.000575; 0.035281; 0.010520;
MPI+OpenMP;1;5; 0.059628; 0.000281; 0.042351; 0.016996;
MPI+OpenMP;2;5; 0.059398; 0.000083; 0.042989; 0.016325;
MPI+OpenMP;3;5; 0.059674; 0.000812; 0.043694; 0.015166;
MPI+OpenMP;4;5; 0.066552; 0.000657; 0.039496; 0.026398;
MPIOnly;0;9; 0.085277; 0.003950; 0.065354; 0.015970;
MPI+OpenMP;1;9; 0.085288; 0.000558; 0.067718; 0.017012;
MPI+OpenMP;2;9; 0.086757; 0.000114; 0.064917; 0.021725;
MPI+OpenMP;3;9; 0.112511; 0.001117; 0.083468; 0.027926;
MPI+OpenMP;4;9; 0.151669; 0.001416; 0.071225; 0.079028;
Sequential;0;0; 0.008252; 0.000779; 0.0; 0.007473;
MPIOnly;0;1; 0.018552; 0.009890; 0.009216; 0.008662;
MPI+OpenMP;1;1; 0.019934; 0.009440; 0.008590; 0.010494;
MPI+OpenMP;2;1; 0.021390; 0.009295; 0.008390; 0.012095;
MPI+OpenMP;3;1; 0.022962; 0.009982; 0.008860; 0.012980;
MPI+OpenMP;4;1; 0.022443; 0.009261; 0.008428; 0.013182;
MPIOnly;0;3; 0.034380; 0.000619; 0.024319; 0.009441;
MPI+OpenMP;1;3; 0.035034; 0.000609; 0.024294; 0.010131;
MPI+OpenMP;2;3; 0.043460; 0.000673; 0.025902; 0.016884;
MPI+OpenMP;3;3; 0.042353; 0.000696; 0.026599; 0.015056;
MPI+OpenMP;4;3; 0.038490; 0.000618; 0.023774; 0.014098;
MPIOnly;0;5; 0.050459; 0.000730; 0.038605; 0.011123;
MPI+OpenMP;1;5; 0.050598; 0.000474; 0.036865; 0.013259;
MPI+OpenMP;2;5; 0.049694; 0.000725; 0.035234; 0.013734;
MPI+OpenMP;3;5; 0.053915; 0.000531; 0.039631; 0.013753;
MPI+OpenMP;4;5; 0.060400; 0.000780; 0.037550; 0.022070;
MPIOnly;0;9; 0.075428; 0.000446; 0.061846; 0.013133;
MPI+OpenMP;1;9; 0.080681; 0.001326; 0.061345; 0.018006;
MPI+OpenMP;2;9; 0.086403; 0.001215; 0.064958; 0.020230;
MPI+OpenMP;3;9; 0.115117; 0.001061; 0.084902; 0.029153;
MPI+OpenMP;4;9; 0.148316; 0.002890; 0.067743; 0.077681;
Sequential;0;0; 0.008583; 0.000684; 0.0; 0.007899;
MPIOnly;0;1; 0.018927; 0.009642; 0.008961; 0.009285;
MPI+OpenMP;1;1; 0.021325; 0.009830; 0.008791; 0.011495;
MPI+OpenMP;2;1; 0.022959; 0.009927; 0.009011; 0.013032;
MPI+OpenMP;3;1; 0.023975; 0.010291; 0.009398; 0.013684;
MPI+OpenMP;4;1; 0.023860; 0.010006; 0.009089; 0.013854;
MPIOnly;0;3; 0.035777; 0.000898; 0.024889; 0.009989;
MPI+OpenMP;1;3; 0.037038; 0.000835; 0.024272; 0.011928;
MPI+OpenMP;2;3; 0.040019; 0.000690; 0.024815; 0.014514;
MPI+OpenMP;3;3; 0.039928; 0.000626; 0.024913; 0.014387;
MPI+OpenMP;4;3; 0.038482; 0.000814; 0.024709; 0.012957;
MPIOnly;0;5; 0.045921; 0.000698; 0.035431; 0.009792;
MPI+OpenMP;1;5; 0.048852; 0.000470; 0.035046; 0.013336;
MPI+OpenMP;2;5; 0.049552; 0.000995; 0.035142; 0.013414;
MPI+OpenMP;3;5; 0.050219; 0.000702; 0.036084; 0.013429;
MPI+OpenMP;4;5; 0.060648; 0.000665; 0.037999; 0.021982;
MPIOnly;0;9; 0.084648; 0.000982; 0.066325; 0.017340;
MPI+OpenMP;1;9; 0.082680; 0.002675; 0.062846; 0.017159;
MPI+OpenMP;2;9; 0.092106; 0.001105; 0.073775; 0.017223;
MPI+OpenMP;3;9; 0.124405; 0.002545; 0.082041; 0.039816;
MPI+OpenMP;4;9; 0.148880; 0.001634; 0.078943; 0.068302;
Sequential;0;0; 0.009300; 0.000758; 0.0; 0.008542;
MPIOnly;0;1; 0.018656; 0.009909; 0.009218; 0.008747;
MPI+OpenMP;1;1; 0.020769; 0.009667; 0.008768; 0.011102;
MPI+OpenMP;2;1; 0.022041; 0.010031; 0.009143; 0.012010;
MPI+OpenMP;3;1; 0.020480; 0.009423; 0.008593; 0.011056;
MPI+OpenMP;4;1; 0.021438; 0.009306; 0.008445; 0.012132;
MPIOnly;0;3; 0.034217; 0.000462; 0.023994; 0.009760;
MPI+OpenMP;1;3; 0.036170; 0.000557; 0.023981; 0.011632;
MPI+OpenMP;2;3; 0.038329; 0.000600; 0.024037; 0.013692;
MPI+OpenMP;3;3; 0.038485; 0.000420; 0.024221; 0.013844;
MPI+OpenMP;4;3; 0.038307; 0.000463; 0.023791; 0.014053;
MPIOnly;0;5; 0.046293; 0.000682; 0.035022; 0.010588;
MPI+OpenMP;1;5; 0.046977; 0.000726; 0.035637; 0.010614;
MPI+OpenMP;2;5; 0.052864; 0.000924; 0.036577; 0.015362;
MPI+OpenMP;3;5; 0.057822; 0.000652; 0.041243; 0.015926;
MPI+OpenMP;4;5; 0.063040; 0.000421; 0.046858; 0.015758;
MPIOnly;0;9; 0.082085; 0.000053; 0.067040; 0.014991;
MPI+OpenMP;1;9; 0.093002; 0.000037; 0.074845; 0.018116;
MPI+OpenMP;2;9; 0.101865; 0.001177; 0.077992; 0.022693;
MPI+OpenMP;3;9; 0.118697; 0.000118; 0.075196; 0.043381;
MPI+OpenMP;4;9; 0.151620; 0.000086; 0.087169; 0.064363;
Sequential;0;0; 0.009167; 0.000820; 0.0; 0.008347;
MPIOnly;0;1; 0.017953; 0.009037; 0.008376; 0.008916;
MPI+OpenMP;1;1; 0.018218; 0.009175; 0.008280; 0.009043;
MPI+OpenMP;2;1; 0.021216; 0.009406; 0.008589; 0.011810;
MPI+OpenMP;3;1; 0.020091; 0.009244; 0.008396; 0.010847;
MPI+OpenMP;4;1; 0.021825; 0.009466; 0.008688; 0.012359;
MPIOnly;0;3; 0.033001; 0.000838; 0.023245; 0.008916;
MPI+OpenMP;1;3; 0.038191; 0.001014; 0.025540; 0.011636;
MPI+OpenMP;2;3; 0.037599; 0.000684; 0.024507; 0.012408;
MPI+OpenMP;3;3; 0.038220; 0.000696; 0.023488; 0.014035;
MPI+OpenMP;4;3; 0.041041; 0.001403; 0.024050; 0.015587;
MPIOnly;0;5; 0.048644; 0.000485; 0.036436; 0.011722;
MPI+OpenMP;1;5; 0.052284; 0.001602; 0.038082; 0.012600;
MPI+OpenMP;2;5; 0.054821; 0.000638; 0.038345; 0.015835;
MPI+OpenMP;3;5; 0.057006; 0.000775; 0.039866; 0.016363;
MPI+OpenMP;4;5; 0.065885; 0.000975; 0.048658; 0.016251;
MPIOnly;0;9; 0.086411; 0.001168; 0.069672; 0.015570;
MPI+OpenMP;1;9; 0.083575; 0.001841; 0.064904; 0.016828;
MPI+OpenMP;2;9; 0.090006; 0.001375; 0.070277; 0.018353;
MPI+OpenMP;3;9; 0.110853; 0.001942; 0.065538; 0.043373;
MPI+OpenMP;4;9; 0.138570; 0.002313; 0.078580; 0.057674;
Sequential;0;0; 0.009350; 0.000687; 0.0; 0.008663;
MPIOnly;0;1; 0.018464; 0.009512; 0.008839; 0.008952;
MPI+OpenMP;1;1; 0.021100; 0.009883; 0.008987; 0.011217;
MPI+OpenMP;2;1; 0.021070; 0.009545; 0.008689; 0.011525;
MPI+OpenMP;3;1; 0.022331; 0.009673; 0.008798; 0.012658;
MPI+OpenMP;4;1; 0.023634; 0.009897; 0.008937; 0.013737;
MPIOnly;0;3; 0.035605; 0.000940; 0.023419; 0.011245;
MPI+OpenMP;1;3; 0.037073; 0.000487; 0.025118; 0.011468;
MPI+OpenMP;2;3; 0.038041; 0.000564; 0.024294; 0.013182;
MPI+OpenMP;3;3; 0.037194; 0.000644; 0.023915; 0.012635;
MPI+OpenMP;4;3; 0.041107; 0.000698; 0.024442; 0.015963;
MPIOnly;0;5; 0.046979; 0.000863; 0.035722; 0.010393;
MPI+OpenMP;1;5; 0.047985; 0.000625; 0.036145; 0.011214;
MPI+OpenMP;2;5; 0.053979; 0.000723; 0.037531; 0.015723;
MPI+OpenMP;3;5; 0.054031; 0.000986; 0.037925; 0.015119;
MPI+OpenMP;4;5; 0.064122; 0.000695; 0.039180; 0.024244;
MPIOnly;0;9; 0.078655; 0.000041; 0.064749; 0.013865;
MPI+OpenMP;1;9; 0.081824; 0.001790; 0.061958; 0.018076;
MPI+OpenMP;2;9; 0.093676; 0.001528; 0.074194; 0.017954;
MPI+OpenMP;3;9; 0.120279; 0.001743; 0.076158; 0.042378;
MPI+OpenMP;4;9; 0.167835; 0.001231; 0.079874; 0.086728;
Sequential;0;0; 0.008783; 0.000718; 0.0; 0.008065;
MPIOnly;0;1; 0.017419; 0.009208; 0.008532; 0.008211;
MPI+OpenMP;1;1; 0.020147; 0.009633; 0.008663; 0.010514;
MPI+OpenMP;2;1; 0.021740; 0.009781; 0.008888; 0.011959;
MPI+OpenMP;3;1; 0.021494; 0.009527; 0.008728; 0.011967;
MPI+OpenMP;4;1; 0.021733; 0.009521; 0.008684; 0.012212;
MPIOnly;0;3; 0.034255; 0.001013; 0.022939; 0.010302;
MPI+OpenMP;1;3; 0.035449; 0.000600; 0.023540; 0.011308;
MPI+OpenMP;2;3; 0.037816; 0.000531; 0.024183; 0.013101;
MPI+OpenMP;3;3; 0.037256; 0.000459; 0.023383; 0.013414;
MPI+OpenMP;4;3; 0.037767; 0.000617; 0.023951; 0.013199;
MPIOnly;0;5; 0.045561; 0.000523; 0.035424; 0.009614;
MPI+OpenMP;1;5; 0.049273; 0.001042; 0.036390; 0.011839;
MPI+OpenMP;2;5; 0.058317; 0.000926; 0.042750; 0.014640;
MPI+OpenMP;3;5; 0.051089; 0.000693; 0.036789; 0.013606;
MPI+OpenMP;4;5; 0.065328; 0.000781; 0.048597; 0.015948;
MPIOnly;0;9; 0.082837; 0.001525; 0.064602; 0.016709;
MPI+OpenMP;1;9; 0.091604; 0.001702; 0.069549; 0.020353;
MPI+OpenMP;2;9; 0.089769; 0.000203; 0.071520; 0.018042;
MPI+OpenMP;3;9; 0.128370; 0.001547; 0.097629; 0.029192;
MPI+OpenMP;4;9; 0.146896; 0.001046; 0.070963; 0.074887;
Sequential;0;0; 0.008243; 0.000783; 0.0; 0.007460;
MPIOnly;0;1; 0.018064; 0.009095; 0.008461; 0.008969;
MPI+OpenMP;1;1; 0.019407; 0.009085; 0.008304; 0.010322;
MPI+OpenMP;2;1; 0.021040; 0.009299; 0.008483; 0.011740;
MPI+OpenMP;3;1; 0.022009; 0.009520; 0.008654; 0.012489;
MPI+OpenMP;4;1; 0.022118; 0.009307; 0.008479; 0.012810;
MPIOnly;0;3; 0.035103; 0.000459; 0.025548; 0.009095;
MPI+OpenMP;1;3; 0.036819; 0.000653; 0.024147; 0.012019;
MPI+OpenMP;2;3; 0.039521; 0.000482; 0.025162; 0.013876;
MPI+OpenMP;3;3; 0.039682; 0.000620; 0.025513; 0.013549;
MPI+OpenMP;4;3; 0.042253; 0.000567; 0.026780; 0.014903;
MPIOnly;0;5; 0.047567; 0.000638; 0.037434; 0.009495;
MPI+OpenMP;1;5; 0.050037; 0.000771; 0.036071; 0.013192;
MPI+OpenMP;2;5; 0.053132; 0.000706; 0.038292; 0.014132;
MPI+OpenMP;3;5; 0.064392; 0.001050; 0.045278; 0.018061;
MPI+OpenMP;4;5; 0.065003; 0.000660; 0.041686; 0.022657;
MPIOnly;0;9; 0.082442; 0.002287; 0.067947; 0.012207;
MPI+OpenMP;1;9; 0.087137; 0.002678; 0.065898; 0.018560;
MPI+OpenMP;2;9; 0.088581; 0.000294; 0.066445; 0.021840;
MPI+OpenMP;3;9; 0.110309; 0.001923; 0.064296; 0.044089;
MPI+OpenMP;4;9; 0.152068; 0.000838; 0.081497; 0.069732;
Sequential;0;0; 0.007599; 0.000741; 0.0; 0.006858;
MPIOnly;0;1; 0.018469; 0.009373; 0.008727; 0.009096;
MPI+OpenMP;1;1; 0.019656; 0.009319; 0.008484; 0.010337;
MPI+OpenMP;2;1; 0.022163; 0.009781; 0.008902; 0.012382;
MPI+OpenMP;3;1; 0.023672; 0.010647; 0.009525; 0.013025;
MPI+OpenMP;4;1; 0.021638; 0.009633; 0.008767; 0.012005;
MPIOnly;0;3; 0.035835; 0.000646; 0.024873; 0.010315;
MPI+OpenMP;1;3; 0.034824; 0.000629; 0.023510; 0.010684;
MPI+OpenMP;2;3; 0.035967; 0.000668; 0.023364; 0.011933;
MPI+OpenMP;3;3; 0.040427; 0.000512; 0.025521; 0.014394;
MPI+OpenMP;4;3; 0.040803; 0.000637; 0.024745; 0.015421;
MPIOnly;0;5; 0.047187; 0.000715; 0.035656; 0.010816;
MPI+OpenMP;1;5; 0.051485; 0.000573; 0.036422; 0.014490;
MPI+OpenMP;2;5; 0.053999; 0.000539; 0.039410; 0.014049;
MPI+OpenMP;3;5; 0.056059; 0.000776; 0.040978; 0.014304;
MPI+OpenMP;4;5; 0.061606; 0.000748; 0.037437; 0.023418;
MPIOnly;0;9; 0.078468; 0.000059; 0.064975; 0.013433;
MPI+OpenMP;1;9; 0.079508; 0.001844; 0.060379; 0.017283;
MPI+OpenMP;2;9; 0.087266; 0.001142; 0.068527; 0.017597;
MPI+OpenMP;3;9; 0.120231; 0.002506; 0.064288; 0.053436;
MPI+OpenMP;4;9; 0.164076; 0.000067; 0.078483; 0.085524;
Sequential;0;0; 0.009159; 0.000672; 0.0; 0.008487;
MPIOnly;0;1; 0.018752; 0.009215; 0.008551; 0.009536;
MPI+OpenMP;1;1; 0.019273; 0.009325; 0.008464; 0.009947;
MPI+OpenMP;2;1; 0.021719; 0.009384; 0.008429; 0.012335;
MPI+OpenMP;3;1; 0.021980; 0.009337; 0.008489; 0.012643;
MPI+OpenMP;4;1; 0.022526; 0.009926; 0.009012; 0.012600;
MPIOnly;0;3; 0.035037; 0.000642; 0.024489; 0.009906;
MPI+OpenMP;1;3; 0.039583; 0.001097; 0.025980; 0.012506;
MPI+OpenMP;2;3; 0.038319; 0.000701; 0.023817; 0.013799;
MPI+OpenMP;3;3; 0.040168; 0.000451; 0.025681; 0.014035;
MPI+OpenMP;4;3; 0.042319; 0.000626; 0.026895; 0.014796;
MPIOnly;0;5; 0.046117; 0.000657; 0.034996; 0.010463;
MPI+OpenMP;1;5; 0.047260; 0.000707; 0.034732; 0.011821;
MPI+OpenMP;2;5; 0.048950; 0.000606; 0.035511; 0.012833;
MPI+OpenMP;3;5; 0.052452; 0.000731; 0.037785; 0.013934;
MPI+OpenMP;4;5; 0.061783; 0.000507; 0.038071; 0.023204;
MPIOnly;0;9; 0.078957; 0.000071; 0.064003; 0.014882;
MPI+OpenMP;1;9; 0.086630; 0.002428; 0.069831; 0.014371;
MPI+OpenMP;2;9; 0.105820; 0.001300; 0.075244; 0.029275;
MPI+OpenMP;3;9; 0.130877; 0.001334; 0.095273; 0.034268;
MPI+OpenMP;4;9; 0.162972; 0.002438; 0.098543; 0.061990;
Sequential;0;0; 0.009224; 0.000700; 0.0; 0.008524;
MPIOnly;0;1; 0.019757; 0.009913; 0.009212; 0.009844;
MPI+OpenMP;1;1; 0.020607; 0.009139; 0.008322; 0.011468;
MPI+OpenMP;2;1; 0.021405; 0.009575; 0.008673; 0.011830;
MPI+OpenMP;3;1; 0.021608; 0.009617; 0.008768; 0.011990;
MPI+OpenMP;4;1; 0.022724; 0.009549; 0.008689; 0.013175;
MPIOnly;0;3; 0.032625; 0.000540; 0.023201; 0.008883;
MPI+OpenMP;1;3; 0.034819; 0.000347; 0.023325; 0.011147;
MPI+OpenMP;2;3; 0.037732; 0.000601; 0.023396; 0.013734;
MPI+OpenMP;3;3; 0.038706; 0.000847; 0.023541; 0.014318;
MPI+OpenMP;4;3; 0.038191; 0.000630; 0.025321; 0.012240;
MPIOnly;0;5; 0.044624; 0.000917; 0.034827; 0.008879;
MPI+OpenMP;1;5; 0.049069; 0.000683; 0.035649; 0.012737;
MPI+OpenMP;2;5; 0.049453; 0.000648; 0.035382; 0.013423;
MPI+OpenMP;3;5; 0.055354; 0.000712; 0.039142; 0.015499;
MPI+OpenMP;4;5; 0.063595; 0.001251; 0.036543; 0.025801;
MPIOnly;0;9; 0.082312; 0.003161; 0.064952; 0.014198;
MPI+OpenMP;1;9; 0.086366; 0.002472; 0.068173; 0.015719;
MPI+OpenMP;2;9; 0.090959; 0.001168; 0.071158; 0.018633;
MPI+OpenMP;3;9; 0.112924; 0.001294; 0.080544; 0.031085;
MPI+OpenMP;4;9; 0.133606; 0.002253; 0.092745; 0.038606;
Sequential;0;0; 0.008203; 0.000703; 0.0; 0.007499;
MPIOnly;0;1; 0.017980; 0.008983; 0.008303; 0.008997;
MPI+OpenMP;1;1; 0.019856; 0.009506; 0.008687; 0.010350;
MPI+OpenMP;2;1; 0.020597; 0.009280; 0.008445; 0.011317;
MPI+OpenMP;3;1; 0.020763; 0.009380; 0.008476; 0.011383;
MPI+OpenMP;4;1; 0.021900; 0.009286; 0.008468; 0.012614;
MPIOnly;0;3; 0.033896; 0.000613; 0.023425; 0.009858;
MPI+OpenMP;1;3; 0.035730; 0.000695; 0.023584; 0.011450;
MPI+OpenMP;2;3; 0.036681; 0.000287; 0.022858; 0.013535;
MPI+OpenMP;3;3; 0.038471; 0.000389; 0.024905; 0.013174;
MPI+OpenMP;4;3; 0.043245; 0.001042; 0.026869; 0.015333;
MPIOnly;0;5; 0.047423; 0.000677; 0.036214; 0.010531;
MPI+OpenMP;1;5; 0.055673; 0.000913; 0.039662; 0.015095;
MPI+OpenMP;2;5; 0.055111; 0.000773; 0.038740; 0.015597;
MPI+OpenMP;3;5; 0.059436; 0.000744; 0.041462; 0.017230;
MPI+OpenMP;4;5; 0.063495; 0.001030; 0.037383; 0.025081;
MPIOnly;0;9; 0.085352; 0.002490; 0.067396; 0.015466;
MPI+OpenMP;1;9; 0.085690; 0.002273; 0.066035; 0.017381;
MPI+OpenMP;2;9; 0.092305; 0.002170; 0.070345; 0.019790;
MPI+OpenMP;3;9; 0.107005; 0.001982; 0.065858; 0.039162;
MPI+OpenMP;4;9; 0.148152; 0.001993; 0.078269; 0.067889;
Sequential;0;0; 0.009501; 0.000817; 0.0; 0.008684;
MPIOnly;0;1; 0.017344; 0.008976; 0.008315; 0.008368;
MPI+OpenMP;1;1; 0.018541; 0.008962; 0.008128; 0.009579;
MPI+OpenMP;2;1; 0.021440; 0.009509; 0.008654; 0.011931;
MPI+OpenMP;3;1; 0.021757; 0.009836; 0.008947; 0.011919;
MPI+OpenMP;4;1; 0.022862; 0.010063; 0.009174; 0.012799;
MPIOnly;0;3; 0.034525; 0.000624; 0.024093; 0.009807;
MPI+OpenMP;1;3; 0.037035; 0.000724; 0.024556; 0.011755;
MPI+OpenMP;2;3; 0.038059; 0.000920; 0.023998; 0.013139;
MPI+OpenMP;3;3; 0.044141; 0.000757; 0.027981; 0.015402;
MPI+OpenMP;4;3; 0.048063; 0.000643; 0.031971; 0.015449;
MPIOnly;0;5; 0.052470; 0.001550; 0.037910; 0.013008;
MPI+OpenMP;1;5; 0.055622; 0.001268; 0.041230; 0.013121;
MPI+OpenMP;2;5; 0.053608; 0.000765; 0.038488; 0.014353;
MPI+OpenMP;3;5; 0.055287; 0.001262; 0.039534; 0.014490;
MPI+OpenMP;4;5; 0.058602; 0.000551; 0.043025; 0.015025;
MPIOnly;0;9; 0.080300; 0.001321; 0.065216; 0.013763;
MPI+OpenMP;1;9; 0.076971; 0.001932; 0.059826; 0.015211;
MPI+OpenMP;2;9; 0.090215; 0.000022; 0.066368; 0.023823;
MPI+OpenMP;3;9; 0.122893; 0.001941; 0.074600; 0.046352;
MPI+OpenMP;4;9; 0.168253; 0.002162; 0.075111; 0.090977;
Sequential;0;0; 0.008128; 0.000685; 0.0; 0.007443;
MPIOnly;0;1; 0.020109; 0.010037; 0.009314; 0.010071;
MPI+OpenMP;1;1; 0.020868; 0.009989; 0.009038; 0.010879;
MPI+OpenMP;2;1; 0.021875; 0.009520; 0.008689; 0.012355;
MPI+OpenMP;3;1; 0.022477; 0.009298; 0.008448; 0.013179;
MPI+OpenMP;4;1; 0.022768; 0.009645; 0.008742; 0.013123;
MPIOnly;0;3; 0.033760; 0.000613; 0.023676; 0.009470;
MPI+OpenMP;1;3; 0.037683; 0.000667; 0.025444; 0.011571;
MPI+OpenMP;2;3; 0.036808; 0.000623; 0.023681; 0.012503;
MPI+OpenMP;3;3; 0.039732; 0.000488; 0.025260; 0.013983;
MPI+OpenMP;4;3; 0.039558; 0.000482; 0.025034; 0.014041;
MPIOnly;0;5; 0.046748; 0.000882; 0.034808; 0.011057;
MPI+OpenMP;1;5; 0.050813; 0.000677; 0.035882; 0.014253;
MPI+OpenMP;2;5; 0.051496; 0.000626; 0.036939; 0.013931;
MPI+OpenMP;3;5; 0.051886; 0.000723; 0.035904; 0.015259;
MPI+OpenMP;4;5; 0.060845; 0.000876; 0.044975; 0.014993;
MPIOnly;0;9; 0.082895; 0.002128; 0.065935; 0.014828;
MPI+OpenMP;1;9; 0.092145; 0.001104; 0.073726; 0.017314;
MPI+OpenMP;2;9; 0.097123; 0.001097; 0.073409; 0.022616;
MPI+OpenMP;3;9; 0.124663; 0.002564; 0.089737; 0.032360;
MPI+OpenMP;4;9; 0.171090; 0.001767; 0.150136; 0.019185;
Sequential;0;0; 0.009160; 0.000723; 0.0; 0.008437;
MPIOnly;0;1; 0.017885; 0.009397; 0.008737; 0.008488;
MPI+OpenMP;1;1; 0.018708; 0.009464; 0.008608; 0.009243;
MPI+OpenMP;2;1; 0.021397; 0.009531; 0.008679; 0.011865;
MPI+OpenMP;3;1; 0.021624; 0.009264; 0.008406; 0.012360;
MPI+OpenMP;4;1; 0.022173; 0.009531; 0.008708; 0.012641;
MPIOnly;0;3; 0.034583; 0.000688; 0.023251; 0.010644;
MPI+OpenMP;1;3; 0.033681; 0.000355; 0.023275; 0.010051;
MPI+OpenMP;2;3; 0.035411; 0.001039; 0.022774; 0.011596;
MPI+OpenMP;3;3; 0.039018; 0.000585; 0.024207; 0.014225;
MPI+OpenMP;4;3; 0.038137; 0.000472; 0.023574; 0.014091;
MPIOnly;0;5; 0.044514; 0.000609; 0.034761; 0.009144;
MPI+OpenMP;1;5; 0.049418; 0.000890; 0.035679; 0.012848;
MPI+OpenMP;2;5; 0.049781; 0.000585; 0.035035; 0.014159;
MPI+OpenMP;3;5; 0.057588; 0.001072; 0.040656; 0.015860;
MPI+OpenMP;4;5; 0.067645; 0.000643; 0.038325; 0.028675;
MPIOnly;0;9; 0.079546; 0.000815; 0.066396; 0.012333;
MPI+OpenMP;1;9; 0.084564; 0.000142; 0.066081; 0.018339;
MPI+OpenMP;2;9; 0.098175; 0.001740; 0.080489; 0.015946;
MPI+OpenMP;3;9; 0.110061; 0.001304; 0.082653; 0.026104;
MPI+OpenMP;4;9; 0.147184; 0.000535; 0.127957; 0.018691;
Sequential;0;0; 0.008355; 0.000659; 0.0; 0.007695;
MPIOnly;0;1; 0.017869; 0.009368; 0.008695; 0.008501;
MPI+OpenMP;1;1; 0.019772; 0.009531; 0.008661; 0.010241;
MPI+OpenMP;2;1; 0.019978; 0.009029; 0.008166; 0.010949;
MPI+OpenMP;3;1; 0.021506; 0.009588; 0.008770; 0.011918;
MPI+OpenMP;4;1; 0.022042; 0.009709; 0.008870; 0.012333;
MPIOnly;0;3; 0.034771; 0.000679; 0.024506; 0.009586;
MPI+OpenMP;1;3; 0.035453; 0.000437; 0.024139; 0.010876;
MPI+OpenMP;2;3; 0.039494; 0.000610; 0.025057; 0.013827;
MPI+OpenMP;3;3; 0.037717; 0.000925; 0.023179; 0.013612;
MPI+OpenMP;4;3; 0.039306; 0.000839; 0.024308; 0.014157;
MPIOnly;0;5; 0.046453; 0.000634; 0.036260; 0.009556;
MPI+OpenMP;1;5; 0.052218; 0.000865; 0.038451; 0.012900;
MPI+OpenMP;2;5; 0.054794; 0.000521; 0.038695; 0.015578;
MPI+OpenMP;3;5; 0.055327; 0.000690; 0.038465; 0.016172;
MPI+OpenMP;4;5; 0.066606; 0.000678; 0.038910; 0.027017;
MPIOnly;0;9; 0.084280; 0.001331; 0.069769; 0.013178;
MPI+OpenMP;1;9; 0.084724; 0.000931; 0.066173; 0.017620;
MPI+OpenMP;2;9; 0.094426; 0.001088; 0.070591; 0.022744;
MPI+OpenMP;3;9; 0.107200; 0.001168; 0.076044; 0.029988;
MPI+OpenMP;4;9; 0.155304; 0.001190; 0.085876; 0.068238;
Sequential;0;0; 0.008515; 0.000729; 0.0; 0.007786;
MPIOnly;0;1; 0.018590; 0.009634; 0.008987; 0.008955;
MPI+OpenMP;1;1; 0.020453; 0.009502; 0.008662; 0.010951;
MPI+OpenMP;2;1; 0.020903; 0.009223; 0.008377; 0.011679;
MPI+OpenMP;3;1; 0.022361; 0.009886; 0.008992; 0.012475;
MPI+OpenMP;4;1; 0.022569; 0.009864; 0.008909; 0.012705;
MPIOnly;0;3; 0.033225; 0.000682; 0.023291; 0.009252;
MPI+OpenMP;1;3; 0.036974; 0.000923; 0.024805; 0.011244;
MPI+OpenMP;2;3; 0.038393; 0.000512; 0.024797; 0.013083;
MPI+OpenMP;3;3; 0.040504; 0.000591; 0.024188; 0.015725;
MPI+OpenMP;4;3; 0.041301; 0.000671; 0.025938; 0.014692;
MPIOnly;0;5; 0.048816; 0.001103; 0.037876; 0.009837;
MPI+OpenMP;1;5; 0.047696; 0.000522; 0.036078; 0.011096;
MPI+OpenMP;2;5; 0.051047; 0.000744; 0.035740; 0.014562;
MPI+OpenMP;3;5; 0.052332; 0.000706; 0.039012; 0.012613;
MPI+OpenMP;4;5; 0.062682; 0.000821; 0.044031; 0.017827;
MPIOnly;0;9; 0.081127; 0.000572; 0.066687; 0.013868;
MPI+OpenMP;1;9; 0.081652; 0.001054; 0.064867; 0.015730;
MPI+OpenMP;2;9; 0.094625; 0.000094; 0.074982; 0.019546;
MPI+OpenMP;3;9; 0.110528; 0.002549; 0.079661; 0.028317;
MPI+OpenMP;4;9; 0.156477; 0.002176; 0.068780; 0.085521;
Sequential;0;0; 0.009544; 0.000696; 0.0; 0.008848;
MPIOnly;0;1; 0.018948; 0.009577; 0.008845; 0.009371;
MPI+OpenMP;1;1; 0.019546; 0.009373; 0.008520; 0.010173;
MPI+OpenMP;2;1; 0.020743; 0.009334; 0.008463; 0.011409;
MPI+OpenMP;3;1; 0.022584; 0.009572; 0.008624; 0.013012;
MPI+OpenMP;4;1; 0.022302; 0.009508; 0.008615; 0.012794;
MPIOnly;0;3; 0.036304; 0.000692; 0.025420; 0.010192;
MPI+OpenMP;1;3; 0.035640; 0.000712; 0.023825; 0.011102;
MPI+OpenMP;2;3; 0.038221; 0.000615; 0.023991; 0.013615;
MPI+OpenMP;3;3; 0.038677; 0.000273; 0.023720; 0.014683;
MPI+OpenMP;4;3; 0.040334; 0.000828; 0.025362; 0.014144;
MPIOnly;0;5; 0.045831; 0.000668; 0.035557; 0.009606;
MPI+OpenMP;1;5; 0.045930; 0.000576; 0.034421; 0.010933;
MPI+OpenMP;2;5; 0.052890; 0.000558; 0.040185; 0.012146;
MPI+OpenMP;3;5; 0.056172; 0.000722; 0.039736; 0.015714;
MPI+OpenMP;4;5; 0.064248; 0.000710; 0.046768; 0.016769;
MPIOnly;0;9; 0.082966; 0.001152; 0.065470; 0.016343;
MPI+OpenMP;1;9; 0.083705; 0.000044; 0.066686; 0.016973;
MPI+OpenMP;2;9; 0.101374; 0.000976; 0.079933; 0.020462;
MPI+OpenMP;3;9; 0.126941; 0.002193; 0.084430; 0.040316;
MPI+OpenMP;4;9; 0.141124; 0.001151; 0.113271; 0.026701;
Sequential;0;0; 0.008173; 0.000703; 0.0; 0.007470;
MPIOnly;0;1; 0.018228; 0.008881; 0.008277; 0.009347;
MPI+OpenMP;1;1; 0.019895; 0.009341; 0.008442; 0.010554;
MPI+OpenMP;2;1; 0.021963; 0.009625; 0.008788; 0.012338;
MPI+OpenMP;3;1; 0.021582; 0.009305; 0.008455; 0.012277;
MPI+OpenMP;4;1; 0.021738; 0.009481; 0.008642; 0.012257;
MPIOnly;0;3; 0.033773; 0.000584; 0.022863; 0.010326;
MPI+OpenMP;1;3; 0.035105; 0.000674; 0.023389; 0.011041;
MPI+OpenMP;2;3; 0.037796; 0.000348; 0.023687; 0.013758;
MPI+OpenMP;3;3; 0.040349; 0.000389; 0.024399; 0.015561;
MPI+OpenMP;4;3; 0.041644; 0.000896; 0.025423; 0.015324;
MPIOnly;0;5; 0.046804; 0.000532; 0.035655; 0.010617;
MPI+OpenMP;1;5; 0.051522; 0.000750; 0.036773; 0.013999;
MPI+OpenMP;2;5; 0.057255; 0.000814; 0.040807; 0.015633;
MPI+OpenMP;3;5; 0.058187; 0.000754; 0.041267; 0.016164;
MPI+OpenMP;4;5; 0.062393; 0.000700; 0.036674; 0.025017;
MPIOnly;0;9; 0.083331; 0.001598; 0.064610; 0.017120;
MPI+OpenMP;1;9; 0.085783; 0.000058; 0.069305; 0.016415;
MPI+OpenMP;2;9; 0.088924; 0.000097; 0.071109; 0.017718;
MPI+OpenMP;3;9; 0.112810; 0.002169; 0.070775; 0.039865;
MPI+OpenMP;4;9; 0.162487; 0.003356; 0.081761; 0.077369;
Sequential;0;0; 0.009275; 0.000679; 0.0; 0.008596;
MPIOnly;0;1; 0.019356; 0.009945; 0.009258; 0.009411;
MPI+OpenMP;1;1; 0.018902; 0.009498; 0.008664; 0.009404;
MPI+OpenMP;2;1; 0.021198; 0.009619; 0.008738; 0.011579;
MPI+OpenMP;3;1; 0.024086; 0.010210; 0.009327; 0.013876;
MPI+OpenMP;4;1; 0.022505; 0.009776; 0.008890; 0.012729;
MPIOnly;0;3; 0.035867; 0.000682; 0.024814; 0.010371;
MPI+OpenMP;1;3; 0.036546; 0.001047; 0.024368; 0.011131;
MPI+OpenMP;2;3; 0.039746; 0.000713; 0.025674; 0.013359;
MPI+OpenMP;3;3; 0.038360; 0.000340; 0.023146; 0.014874;
MPI+OpenMP;4;3; 0.040393; 0.000608; 0.025047; 0.014738;
MPIOnly;0;5; 0.048927; 0.000489; 0.036198; 0.012239;
MPI+OpenMP;1;5; 0.049180; 0.000804; 0.035789; 0.012586;
MPI+OpenMP;2;5; 0.059698; 0.000495; 0.043577; 0.015625;
MPI+OpenMP;3;5; 0.055425; 0.000672; 0.040389; 0.014363;
MPI+OpenMP;4;5; 0.059398; 0.000766; 0.036426; 0.022205;
MPIOnly;0;9; 0.080102; 0.000755; 0.064810; 0.014536;
MPI+OpenMP;1;9; 0.084073; 0.000667; 0.064295; 0.019110;
MPI+OpenMP;2;9; 0.090755; 0.001532; 0.071221; 0.018000;
MPI+OpenMP;3;9; 0.121242; 0.001239; 0.075855; 0.044145;
MPI+OpenMP;4;9; 0.172520; 0.002975; 0.082442; 0.087101;
Sequential;0;0; 0.009597; 0.000717; 0.0; 0.008880;
MPIOnly;0;1; 0.018850; 0.009219; 0.008529; 0.009631;
MPI+OpenMP;1;1; 0.018875; 0.009529; 0.008697; 0.009346;
MPI+OpenMP;2;1; 0.021245; 0.009815; 0.008927; 0.011430;
MPI+OpenMP;3;1; 0.022056; 0.009532; 0.008603; 0.012524;
MPI+OpenMP;4;1; 0.022198; 0.009896; 0.009019; 0.012302;
MPIOnly;0;3; 0.037010; 0.000661; 0.025050; 0.011299;
MPI+OpenMP;1;3; 0.037202; 0.001224; 0.024874; 0.011103;
MPI+OpenMP;2;3; 0.040531; 0.000701; 0.025918; 0.013912;
MPI+OpenMP;3;3; 0.039663; 0.000600; 0.025061; 0.014002;
MPI+OpenMP;4;3; 0.039568; 0.000657; 0.024577; 0.014333;
MPIOnly;0;5; 0.046744; 0.000675; 0.034775; 0.011292;
MPI+OpenMP;1;5; 0.046606; 0.000893; 0.034958; 0.010753;
MPI+OpenMP;2;5; 0.049364; 0.000887; 0.034610; 0.013866;
MPI+OpenMP;3;5; 0.051377; 0.000584; 0.036268; 0.014524;
MPI+OpenMP;4;5; 0.059102; 0.000842; 0.044135; 0.014124;
MPIOnly;0;9; 0.080884; 0.002331; 0.062271; 0.016281;
MPI+OpenMP;1;9; 0.088879; 0.000871; 0.069648; 0.018359;
MPI+OpenMP;2;9; 0.102316; 0.001203; 0.069587; 0.031524;
MPI+OpenMP;3;9; 0.119467; 0.001586; 0.086953; 0.030925;
MPI+OpenMP;4;9; 0.146322; 0.001260; 0.095910; 0.049150;
Sequential;0;0; 0.008559; 0.000717; 0.0; 0.007842;
MPIOnly;0;1; 0.018545; 0.009196; 0.008566; 0.009349;
MPI+OpenMP;1;1; 0.020222; 0.010172; 0.009156; 0.010050;
MPI+OpenMP;2;1; 0.022208; 0.010128; 0.009232; 0.012080;
MPI+OpenMP;3;1; 0.022391; 0.009650; 0.008775; 0.012741;
MPI+OpenMP;4;1; 0.021129; 0.009711; 0.008869; 0.011417;
MPIOnly;0;3; 0.033038; 0.000467; 0.023536; 0.009034;
MPI+OpenMP;1;3; 0.036051; 0.000563; 0.023748; 0.011740;
MPI+OpenMP;2;3; 0.037127; 0.000862; 0.022995; 0.013269;
MPI+OpenMP;3;3; 0.038156; 0.000626; 0.023125; 0.014404;
MPI+OpenMP;4;3; 0.038146; 0.000618; 0.024139; 0.013389;
MPIOnly;0;5; 0.045732; 0.000637; 0.035227; 0.009868;
MPI+OpenMP;1;5; 0.048151; 0.000664; 0.035257; 0.012230;
MPI+OpenMP;2;5; 0.056451; 0.001555; 0.038110; 0.016786;
MPI+OpenMP;3;5; 0.054818; 0.000912; 0.039380; 0.014524;
MPI+OpenMP;4;5; 0.063225; 0.000622; 0.037564; 0.025036;
MPIOnly;0;9; 0.078881; 0.002790; 0.062785; 0.013304;
MPI+OpenMP;1;9; 0.086131; 0.000052; 0.068512; 0.017566;
MPI+OpenMP;2;9; 0.094722; 0.002748; 0.067660; 0.024313;
MPI+OpenMP;3;9; 0.111718; 0.001893; 0.070990; 0.038832;
MPI+OpenMP;4;9; 0.146932; 0.001885; 0.068411; 0.076636;
Sequential;0;0; 0.008107; 0.000674; 0.0; 0.007433;
MPIOnly;0;1; 0.017872; 0.009079; 0.008462; 0.008792;
MPI+OpenMP;1;1; 0.018874; 0.009510; 0.008654; 0.009364;
MPI+OpenMP;2;1; 0.020664; 0.009070; 0.008234; 0.011594;
MPI+OpenMP;3;1; 0.021371; 0.009592; 0.008773; 0.011779;
MPI+OpenMP;4;1; 0.022171; 0.009448; 0.008506; 0.012723;
MPIOnly;0;3; 0.032673; 0.000619; 0.023146; 0.008907;
MPI+OpenMP;1;3; 0.036755; 0.000633; 0.023691; 0.012430;
MPI+OpenMP;2;3; 0.037658; 0.000594; 0.024499; 0.012565;
MPI+OpenMP;3;3; 0.040902; 0.000802; 0.025100; 0.015000;
MPI+OpenMP;4;3; 0.042943; 0.001406; 0.025825; 0.015712;
MPIOnly;0;5; 0.047883; 0.000761; 0.037167; 0.009955;
MPI+OpenMP;1;5; 0.051364; 0.000832; 0.036992; 0.013539;
MPI+OpenMP;2;5; 0.050453; 0.000709; 0.035645; 0.014098;
MPI+OpenMP;3;5; 0.055049; 0.000872; 0.039133; 0.015042;
MPI+OpenMP;4;5; 0.064597; 0.000896; 0.039105; 0.024593;
MPIOnly;0;9; 0.080931; 0.002298; 0.064957; 0.013676;
MPI+OpenMP;1;9; 0.087126; 0.001551; 0.068030; 0.017544;
MPI+OpenMP;2;9; 0.090550; 0.000015; 0.066826; 0.023708;
MPI+OpenMP;3;9; 0.104685; 0.000191; 0.064573; 0.039920;
MPI+OpenMP;4;9; 0.137767; 0.000082; 0.067000; 0.070685;
Sequential;0;0; 0.008923; 0.000743; 0.0; 0.008180;
MPIOnly;0;1; 0.017815; 0.008843; 0.008227; 0.008972;
MPI+OpenMP;1;1; 0.018594; 0.009204; 0.008392; 0.009390;
MPI+OpenMP;2;1; 0.021311; 0.009370; 0.008541; 0.011941;
MPI+OpenMP;3;1; 0.021996; 0.009988; 0.009112; 0.012008;
MPI+OpenMP;4;1; 0.022656; 0.010060; 0.009165; 0.012596;
MPIOnly;0;3; 0.037064; 0.000706; 0.026109; 0.010248;
MPI+OpenMP;1;3; 0.036874; 0.000641; 0.025531; 0.010701;
MPI+OpenMP;2;3; 0.039445; 0.000626; 0.025098; 0.013721;
MPI+OpenMP;3;3; 0.039928; 0.000412; 0.024797; 0.014719;
MPI+OpenMP;4;3; 0.042430; 0.000648; 0.026879; 0.014900;
MPIOnly;0;5; 0.045964; 0.000474; 0.034875; 0.010614;
MPI+OpenMP;1;5; 0.057624; 0.000348; 0.042435; 0.014840;
MPI+OpenMP;2;5; 0.057621; 0.000737; 0.040016; 0.016867;
MPI+OpenMP;3;5; 0.059578; 0.000805; 0.043694; 0.015078;
MPI+OpenMP;4;5; 0.059201; 0.000815; 0.035278; 0.023106;
MPIOnly;0;9; 0.076976; 0.001223; 0.060966; 0.014785;
MPI+OpenMP;1;9; 0.079245; 0.001456; 0.062513; 0.015273;
MPI+OpenMP;2;9; 0.084886; 0.002160; 0.061071; 0.021654;
MPI+OpenMP;3;9; 0.110082; 0.000952; 0.066017; 0.043112;
MPI+OpenMP;4;9; 0.182088; 0.002480; 0.079719; 0.099888;
Sequential;0;0; 0.008654; 0.000881; 0.0; 0.007773;
MPIOnly;0;1; 0.019713; 0.009925; 0.009236; 0.009788;
MPI+OpenMP;1;1; 0.020099; 0.009625; 0.008773; 0.010473;
MPI+OpenMP;2;1; 0.021006; 0.009462; 0.008576; 0.011544;
MPI+OpenMP;3;1; 0.022139; 0.009578; 0.008719; 0.012561;
MPI+OpenMP;4;1; 0.023164; 0.010216; 0.009198; 0.012947;
MPIOnly;0;3; 0.034052; 0.000573; 0.023657; 0.009821;
MPI+OpenMP;1;3; 0.038414; 0.000688; 0.024726; 0.012998;
MPI+OpenMP;2;3; 0.039598; 0.000669; 0.025150; 0.013779;
MPI+OpenMP;3;3; 0.044350; 0.001001; 0.027909; 0.015440;
MPI+OpenMP;4;3; 0.041620; 0.000383; 0.026457; 0.014779;
MPIOnly;0;5; 0.046683; 0.000733; 0.034870; 0.011079;
MPI+OpenMP;1;5; 0.046565; 0.000805; 0.034985; 0.010774;
MPI+OpenMP;2;5; 0.059299; 0.000626; 0.043742; 0.014930;
MPI+OpenMP;3;5; 0.051374; 0.000875; 0.036906; 0.013591;
MPI+OpenMP;4;5; 0.058735; 0.000568; 0.036315; 0.021851;
MPIOnly;0;9; 0.078806; 0.001067; 0.064853; 0.012884;
MPI+OpenMP;1;9; 0.088407; 0.003248; 0.068931; 0.016227;
MPI+OpenMP;2;9; 0.093783; 0.001049; 0.074549; 0.018182;
MPI+OpenMP;3;9; 0.116579; 0.002717; 0.069244; 0.044617;
MPI+OpenMP;4;9; 0.170748; 0.000595; 0.093741; 0.076410;
Sequential;0;0; 0.007446; 0.000675; 0.0; 0.006771;
MPIOnly;0;1; 0.018970; 0.009671; 0.009012; 0.009299;
MPI+OpenMP;1;1; 0.021292; 0.009814; 0.008982; 0.011478;
MPI+OpenMP;2;1; 0.022075; 0.010400; 0.009478; 0.011675;
MPI+OpenMP;3;1; 0.022871; 0.010049; 0.009184; 0.012821;
MPI+OpenMP;4;1; 0.021820; 0.009472; 0.008637; 0.012348;
MPIOnly;0;3; 0.033067; 0.000827; 0.023284; 0.008956;
MPI+OpenMP;1;3; 0.036980; 0.000951; 0.023405; 0.012623;
MPI+OpenMP;2;3; 0.034539; 0.000302; 0.023192; 0.011043;
MPI+OpenMP;3;3; 0.043081; 0.000913; 0.022696; 0.019472;
MPI+OpenMP;4;3; 0.040263; 0.000572; 0.025627; 0.014062;
MPIOnly;0;5; 0.045594; 0.001009; 0.035026; 0.009557;
MPI+OpenMP;1;5; 0.049001; 0.000848; 0.035521; 0.012631;
MPI+OpenMP;2;5; 0.048422; 0.000687; 0.034790; 0.012945;
MPI+OpenMP;3;5; 0.055758; 0.000531; 0.039861; 0.015364;
MPI+OpenMP;4;5; 0.064013; 0.000873; 0.046514; 0.016625;
MPIOnly;0;9; 0.083890; 0.002260; 0.061579; 0.020051;
MPI+OpenMP;1;9; 0.089308; 0.001020; 0.069001; 0.019286;
MPI+OpenMP;2;9; 0.094548; 0.002533; 0.074074; 0.017940;
MPI+OpenMP;3;9; 0.109876; 0.000024; 0.083837; 0.026014;
MPI+OpenMP;4;9; 0.152948; 0.000266; 0.085154; 0.067527;
Sequential;0;0; 0.009175; 0.000700; 0.0; 0.008475;
MPIOnly;0;1; 0.017732; 0.009253; 0.008600; 0.008478;
MPI+OpenMP;1;1; 0.019822; 0.009473; 0.008640; 0.010349;
MPI+OpenMP;2;1; 0.021351; 0.009443; 0.008566; 0.011908;
MPI+OpenMP;3;1; 0.020487; 0.009266; 0.008398; 0.011220;
MPI+OpenMP;4;1; 0.021487; 0.009091; 0.008237; 0.012396;
MPIOnly;0;3; 0.034186; 0.000777; 0.023286; 0.010123;
MPI+OpenMP;1;3; 0.035078; 0.000346; 0.023609; 0.011121;
MPI+OpenMP;2;3; 0.037983; 0.000660; 0.024107; 0.013216;
MPI+OpenMP;3;3; 0.038739; 0.000621; 0.023858; 0.014259;
MPI+OpenMP;4;3; 0.040530; 0.000651; 0.026435; 0.013443;
MPIOnly;0;5; 0.052139; 0.000959; 0.039814; 0.011366;
MPI+OpenMP;1;5; 0.049411; 0.000876; 0.036353; 0.012181;
MPI+OpenMP;2;5; 0.061822; 0.000840; 0.044637; 0.016345;
MPI+OpenMP;3;5; 0.064366; 0.000603; 0.048717; 0.015045;
MPI+OpenMP;4;5; 0.064520; 0.000628; 0.039418; 0.024472;
MPIOnly;0;9; 0.082044; 0.000076; 0.067838; 0.014128;
MPI+OpenMP;1;9; 0.084183; 0.002238; 0.066213; 0.015731;
MPI+OpenMP;2;9; 0.092088; 0.000035; 0.073343; 0.018709;
MPI+OpenMP;3;9; 0.104376; 0.001874; 0.066756; 0.035745;
MPI+OpenMP;4;9; 0.142593; 0.001815; 0.088773; 0.052005;
